subject,course_semester,unit,topic,question,option_a,option_b,option_c,option_d,correct_answer,marks,difficulty,bloom_level,co_mapping,tags
Engineering Mathematics I,B.Tech / Foundation,1,Differential Calculus,"Which description best matches ""Limit""?",The value a function approaches as the input approaches a point.,A scalar measure of the net outward flux density of a vector field.,A vector of partial derivatives pointing in the direction of steepest increase.,An integration technique derived from the product rule for differentiation.,A,1,Easy,Remember,CO1,"preloaded,engineering-mathematics-i,differential-calculus"
Engineering Mathematics I,B.Tech / Foundation,1,Differential Calculus,"Which term is best described as: ""A property where the limiting value equals the function value at a point.""",Gradient,Order,Continuity,Limit,C,1,Medium,Understand,CO1,"preloaded,engineering-mathematics-i,differential-calculus"
Engineering Mathematics I,B.Tech / Foundation,1,Differential Calculus,"In Engineering Mathematics I, what does ""Derivative""?",The instantaneous rate of change of a function.,The dimension of the row or column space of a matrix.,The power of the highest-order derivative after the equation is polynomial in derivatives.,A vector measure of the local rotational tendency of a vector field.,A,1,Hard,Analyze,CO1,"preloaded,engineering-mathematics-i,differential-calculus"
Engineering Mathematics I,B.Tech / Foundation,2,Integral Calculus,"Which description best matches ""Indefinite integral""?",A differential equation whose variables can be separated onto opposite sides.,The highest derivative appearing in a differential equation.,A family of antiderivatives represented with an arbitrary constant.,A vector of partial derivatives pointing in the direction of steepest increase.,C,1,Easy,Remember,CO2,"preloaded,engineering-mathematics-i,integral-calculus"
Engineering Mathematics I,B.Tech / Foundation,2,Integral Calculus,"Which term is best described as: ""An integral evaluated between fixed limits to produce a numerical value.""",Determinant,Order,Definite integral,Separable equation,C,1,Medium,Understand,CO2,"preloaded,engineering-mathematics-i,integral-calculus"
Engineering Mathematics I,B.Tech / Foundation,2,Integral Calculus,"In Engineering Mathematics I, what does ""Integration by parts""?",An integration technique derived from the product rule for differentiation.,The highest derivative appearing in a differential equation.,A property where the limiting value equals the function value at a point.,An integral evaluated between fixed limits to produce a numerical value.,A,1,Hard,Analyze,CO2,"preloaded,engineering-mathematics-i,integral-calculus"
Engineering Mathematics I,B.Tech / Foundation,3,Differential Equations,"Which description best matches ""Order""?",The highest derivative appearing in a differential equation.,An integration technique derived from the product rule for differentiation.,An integral evaluated between fixed limits to produce a numerical value.,A scalar measure of the net outward flux density of a vector field.,A,1,Easy,Remember,CO3,"preloaded,engineering-mathematics-i,differential-equations"
Engineering Mathematics I,B.Tech / Foundation,3,Differential Equations,"Which term is best described as: ""The power of the highest-order derivative after the equation is polynomial in derivatives.""",Order,Degree,Derivative,Gradient,B,1,Medium,Understand,CO3,"preloaded,engineering-mathematics-i,differential-equations"
Engineering Mathematics I,B.Tech / Foundation,3,Differential Equations,"In Engineering Mathematics I, what does ""Separable equation""?",The power of the highest-order derivative after the equation is polynomial in derivatives.,A vector of partial derivatives pointing in the direction of steepest increase.,An integral evaluated between fixed limits to produce a numerical value.,A differential equation whose variables can be separated onto opposite sides.,D,1,Hard,Analyze,CO3,"preloaded,engineering-mathematics-i,differential-equations"
Engineering Mathematics I,B.Tech / Foundation,4,Matrices and Linear Algebra,"Which description best matches ""Determinant""?",A scalar by which an eigenvector is scaled under a linear transformation.,A scalar value associated with a square matrix that helps characterize invertibility.,The value a function approaches as the input approaches a point.,An integration technique derived from the product rule for differentiation.,B,1,Easy,Remember,CO4,"preloaded,engineering-mathematics-i,matrices-and-linear-algebra"
Engineering Mathematics I,B.Tech / Foundation,4,Matrices and Linear Algebra,"Which term is best described as: ""A scalar by which an eigenvector is scaled under a linear transformation.""",Eigenvalue,Degree,Derivative,Continuity,A,1,Medium,Understand,CO4,"preloaded,engineering-mathematics-i,matrices-and-linear-algebra"
Engineering Mathematics I,B.Tech / Foundation,4,Matrices and Linear Algebra,"In Engineering Mathematics I, what does ""Rank""?",The dimension of the row or column space of a matrix.,The value a function approaches as the input approaches a point.,A family of antiderivatives represented with an arbitrary constant.,An integration technique derived from the product rule for differentiation.,A,1,Hard,Analyze,CO4,"preloaded,engineering-mathematics-i,matrices-and-linear-algebra"
Engineering Mathematics I,B.Tech / Foundation,5,Vector Calculus,"Which description best matches ""Gradient""?",A scalar measure of the net outward flux density of a vector field.,The instantaneous rate of change of a function.,A vector of partial derivatives pointing in the direction of steepest increase.,A scalar by which an eigenvector is scaled under a linear transformation.,C,1,Easy,Remember,CO5,"preloaded,engineering-mathematics-i,vector-calculus"
Engineering Mathematics I,B.Tech / Foundation,5,Vector Calculus,"Which term is best described as: ""A scalar measure of the net outward flux density of a vector field.""",Divergence,Gradient,Rank,Indefinite integral,A,1,Medium,Understand,CO5,"preloaded,engineering-mathematics-i,vector-calculus"
Engineering Mathematics I,B.Tech / Foundation,5,Vector Calculus,"In Engineering Mathematics I, what does ""Curl""?",A vector measure of the local rotational tendency of a vector field.,A vector of partial derivatives pointing in the direction of steepest increase.,The highest derivative appearing in a differential equation.,A differential equation whose variables can be separated onto opposite sides.,A,1,Hard,Analyze,CO5,"preloaded,engineering-mathematics-i,vector-calculus"
Engineering Physics,B.Tech / Foundation,1,Wave Optics,"Which description best matches ""Interference""?",Restriction of the oscillation direction of a transverse wave.,Redistribution of intensity caused by superposition of coherent waves.,Relates induced emf to the rate of change of magnetic flux.,Bending and spreading of waves around obstacles or apertures.,B,1,Easy,Remember,CO1,"preloaded,engineering-physics,wave-optics"
Engineering Physics,B.Tech / Foundation,1,Wave Optics,"Which term is best described as: ""Bending and spreading of waves around obstacles or apertures.""",Faraday law,Gauss law,Stimulated emission,Diffraction,D,1,Medium,Understand,CO1,"preloaded,engineering-physics,wave-optics"
Engineering Physics,B.Tech / Foundation,1,Wave Optics,"In Engineering Physics, what does ""Polarization""?",Restriction of the oscillation direction of a transverse wave.,Relates induced emf to the rate of change of magnetic flux.,Represents electromagnetic energy flux density.,Emission triggered by an incident photon producing a coherent photon.,A,1,Hard,Analyze,CO1,"preloaded,engineering-physics,wave-optics"
Engineering Physics,B.Tech / Foundation,2,Quantum Physics,"Which description best matches ""Photon""?",The wavelength associated with a moving particle.,Represents electromagnetic energy flux density.,An energy range in a solid where no allowed electron states exist.,A quantum of electromagnetic radiation with energy proportional to frequency.,D,1,Easy,Remember,CO2,"preloaded,engineering-physics,quantum-physics"
Engineering Physics,B.Tech / Foundation,2,Quantum Physics,"Which term is best described as: ""The wavelength associated with a moving particle.""",Photon,de Broglie wavelength,Poynting vector,Semiconductor,B,1,Medium,Understand,CO2,"preloaded,engineering-physics,quantum-physics"
Engineering Physics,B.Tech / Foundation,2,Quantum Physics,"In Engineering Physics, what does ""Uncertainty principle""?",Redistribution of intensity caused by superposition of coherent waves.,A limit on simultaneous precision of conjugate quantities such as position and momentum.,Relates electric flux through a closed surface to enclosed charge.,An energy range in a solid where no allowed electron states exist.,B,1,Hard,Analyze,CO2,"preloaded,engineering-physics,quantum-physics"
Engineering Physics,B.Tech / Foundation,3,Solid State Physics,"Which description best matches ""Crystal lattice""?",Emission triggered by an incident photon producing a coherent photon.,A periodic arrangement of points representing repeating positions in a crystal.,The wavelength associated with a moving particle.,A quantum of electromagnetic radiation with energy proportional to frequency.,B,1,Easy,Remember,CO3,"preloaded,engineering-physics,solid-state-physics"
Engineering Physics,B.Tech / Foundation,3,Solid State Physics,"Which term is best described as: ""An energy range in a solid where no allowed electron states exist.""",Band gap,Diffraction,Poynting vector,Total internal reflection,A,1,Medium,Understand,CO3,"preloaded,engineering-physics,solid-state-physics"
Engineering Physics,B.Tech / Foundation,3,Solid State Physics,"In Engineering Physics, what does ""Semiconductor""?",A material whose electrical conductivity lies between that of conductors and insulators.,Bending and spreading of waves around obstacles or apertures.,The wavelength associated with a moving particle.,A quantum of electromagnetic radiation with energy proportional to frequency.,A,1,Hard,Analyze,CO3,"preloaded,engineering-physics,solid-state-physics"
Engineering Physics,B.Tech / Foundation,4,Lasers and Fiber Optics,"Which description best matches ""Stimulated emission""?",Emission triggered by an incident photon producing a coherent photon.,A quantum of electromagnetic radiation with energy proportional to frequency.,A material whose electrical conductivity lies between that of conductors and insulators.,Redistribution of intensity caused by superposition of coherent waves.,A,1,Easy,Remember,CO4,"preloaded,engineering-physics,lasers-and-fiber-optics"
Engineering Physics,B.Tech / Foundation,4,Lasers and Fiber Optics,"Which term is best described as: ""A condition in which more particles occupy an excited state than a lower state.""",Population inversion,Gauss law,Faraday law,Uncertainty principle,A,1,Medium,Understand,CO4,"preloaded,engineering-physics,lasers-and-fiber-optics"
Engineering Physics,B.Tech / Foundation,4,Lasers and Fiber Optics,"In Engineering Physics, what does ""Total internal reflection""?",Relates electric flux through a closed surface to enclosed charge.,Complete reflection occurring when light travels from denser to rarer medium beyond the critical angle.,Emission triggered by an incident photon producing a coherent photon.,A condition in which more particles occupy an excited state than a lower state.,B,1,Hard,Analyze,CO4,"preloaded,engineering-physics,lasers-and-fiber-optics"
Engineering Physics,B.Tech / Foundation,5,Electromagnetism,"Which description best matches ""Gauss law""?",A material whose electrical conductivity lies between that of conductors and insulators.,Relates electric flux through a closed surface to enclosed charge.,The wavelength associated with a moving particle.,A condition in which more particles occupy an excited state than a lower state.,B,1,Easy,Remember,CO5,"preloaded,engineering-physics,electromagnetism"
Engineering Physics,B.Tech / Foundation,5,Electromagnetism,"Which term is best described as: ""Relates induced emf to the rate of change of magnetic flux.""",Photon,Stimulated emission,Faraday law,Band gap,C,1,Medium,Understand,CO5,"preloaded,engineering-physics,electromagnetism"
Engineering Physics,B.Tech / Foundation,5,Electromagnetism,"In Engineering Physics, what does ""Poynting vector""?",A limit on simultaneous precision of conjugate quantities such as position and momentum.,A condition in which more particles occupy an excited state than a lower state.,Represents electromagnetic energy flux density.,Restriction of the oscillation direction of a transverse wave.,C,1,Hard,Analyze,CO5,"preloaded,engineering-physics,electromagnetism"
Engineering Chemistry,B.Tech / Foundation,1,Water Technology,"Which description best matches ""Hardness""?",The presence of dissolved multivalent ions that interfere with soap action.,An electrochemical cell that converts spontaneous chemical energy into electrical energy.,Deterioration of a material through chemical or electrochemical interaction with its environment.,The process of joining monomers to form macromolecules.,A,1,Easy,Remember,CO1,"preloaded,engineering-chemistry,water-technology"
Engineering Chemistry,B.Tech / Foundation,1,Water Technology,"Which term is best described as: ""A water-treatment process that swaps undesirable ions with ions on a resin.""",Ion exchange,Reverse osmosis,Cetane number,Electrode potential,A,1,Medium,Understand,CO1,"preloaded,engineering-chemistry,water-technology"
Engineering Chemistry,B.Tech / Foundation,1,Water Technology,"In Engineering Chemistry, what does ""Reverse osmosis""?",The process of joining monomers to form macromolecules.,A membrane process driven by pressure to separate dissolved solutes from water.,A water-treatment process that swaps undesirable ions with ions on a resin.,The heat released by complete combustion of a unit quantity of fuel.,B,1,Hard,Analyze,CO1,"preloaded,engineering-chemistry,water-technology"
Engineering Chemistry,B.Tech / Foundation,2,Electrochemistry,"Which description best matches ""Galvanic cell""?",The process of joining monomers to form macromolecules.,A measure of diesel fuel ignition quality.,The presence of dissolved multivalent ions that interfere with soap action.,An electrochemical cell that converts spontaneous chemical energy into electrical energy.,D,1,Easy,Remember,CO2,"preloaded,engineering-chemistry,electrochemistry"
Engineering Chemistry,B.Tech / Foundation,2,Electrochemistry,"Which term is best described as: ""The potential difference associated with an electrode and its electrolyte.""",Electrode potential,Polymerization,Calorific value,Ion exchange,A,1,Medium,Understand,CO2,"preloaded,engineering-chemistry,electrochemistry"
Engineering Chemistry,B.Tech / Foundation,2,Electrochemistry,"In Engineering Chemistry, what does ""Corrosion""?",A material with structural features typically in the 1 to 100 nanometer range.,Deterioration of a material through chemical or electrochemical interaction with its environment.,A membrane process driven by pressure to separate dissolved solutes from water.,The process of joining monomers to form macromolecules.,B,1,Hard,Analyze,CO2,"preloaded,engineering-chemistry,electrochemistry"
Engineering Chemistry,B.Tech / Foundation,3,Polymers,"Which description best matches ""Polymerization""?",The potential difference associated with an electrode and its electrolyte.,A green-chemistry measure of how efficiently reactant atoms appear in the desired product.,The process of joining monomers to form macromolecules.,An electrochemical cell that converts spontaneous chemical energy into electrical energy.,C,1,Easy,Remember,CO3,"preloaded,engineering-chemistry,polymers"
Engineering Chemistry,B.Tech / Foundation,3,Polymers,"Which term is best described as: ""A polymer that softens repeatedly on heating and hardens on cooling.""",Cetane number,Hardness,Nanomaterial,Thermoplastic,D,1,Medium,Understand,CO3,"preloaded,engineering-chemistry,polymers"
Engineering Chemistry,B.Tech / Foundation,3,Polymers,"In Engineering Chemistry, what does ""Thermoset""?",A water-treatment process that swaps undesirable ions with ions on a resin.,A cross-linked polymer that does not remelt after curing.,A material with structural features typically in the 1 to 100 nanometer range.,A measure of diesel fuel ignition quality.,B,1,Hard,Analyze,CO3,"preloaded,engineering-chemistry,polymers"
Engineering Chemistry,B.Tech / Foundation,4,Fuels and Combustion,"Which description best matches ""Calorific value""?",The heat released by complete combustion of a unit quantity of fuel.,A measure of diesel fuel ignition quality.,Deterioration of a material through chemical or electrochemical interaction with its environment.,A water-treatment process that swaps undesirable ions with ions on a resin.,A,1,Easy,Remember,CO4,"preloaded,engineering-chemistry,fuels-and-combustion"
Engineering Chemistry,B.Tech / Foundation,4,Fuels and Combustion,"Which term is best described as: ""A measure of gasoline resistance to knocking in spark-ignition engines.""",Nanomaterial,Octane number,Thermoset,Ion exchange,B,1,Medium,Understand,CO4,"preloaded,engineering-chemistry,fuels-and-combustion"
Engineering Chemistry,B.Tech / Foundation,4,Fuels and Combustion,"In Engineering Chemistry, what does ""Cetane number""?",The potential difference associated with an electrode and its electrolyte.,A measure of diesel fuel ignition quality.,The heat released by complete combustion of a unit quantity of fuel.,A cross-linked polymer that does not remelt after curing.,B,1,Hard,Analyze,CO4,"preloaded,engineering-chemistry,fuels-and-combustion"
Engineering Chemistry,B.Tech / Foundation,5,Nanomaterials and Green Chemistry,"Which description best matches ""Nanomaterial""?",A material with structural features typically in the 1 to 100 nanometer range.,The potential difference associated with an electrode and its electrolyte.,The heat released by complete combustion of a unit quantity of fuel.,A cross-linked polymer that does not remelt after curing.,A,1,Easy,Remember,CO5,"preloaded,engineering-chemistry,nanomaterials-and-green-chemistry"
Engineering Chemistry,B.Tech / Foundation,5,Nanomaterials and Green Chemistry,"Which term is best described as: ""A substance that changes reaction rate without being consumed overall.""",Nanomaterial,Cetane number,Catalyst,Corrosion,C,1,Medium,Understand,CO5,"preloaded,engineering-chemistry,nanomaterials-and-green-chemistry"
Engineering Chemistry,B.Tech / Foundation,5,Nanomaterials and Green Chemistry,"In Engineering Chemistry, what does ""Atom economy""?",A polymer that softens repeatedly on heating and hardens on cooling.,A cross-linked polymer that does not remelt after curing.,A green-chemistry measure of how efficiently reactant atoms appear in the desired product.,Deterioration of a material through chemical or electrochemical interaction with its environment.,C,1,Hard,Analyze,CO5,"preloaded,engineering-chemistry,nanomaterials-and-green-chemistry"
Basic Electrical Engineering,B.Tech / Foundation,1,DC Circuits,"Which description best matches ""Ohm law""?",An instrument connected in series to measure electric current.,The algebraic sum of currents at a node is zero.,Opposition to alternating current caused by inductance or capacitance.,The voltage across a resistor equals current multiplied by resistance under linear conditions.,D,1,Easy,Remember,CO1,"preloaded,basic-electrical-engineering,dc-circuits"
Basic Electrical Engineering,B.Tech / Foundation,1,DC Circuits,"Which term is best described as: ""The algebraic sum of currents at a node is zero.""",Impedance,Kirchhoff current law,Induction motor,Ammeter,B,1,Medium,Understand,CO1,"preloaded,basic-electrical-engineering,dc-circuits"
Basic Electrical Engineering,B.Tech / Foundation,1,DC Circuits,"In Basic Electrical Engineering, what does ""Kirchhoff voltage law""?",Opposition to alternating current caused by inductance or capacitance.,The algebraic sum of voltages around a closed loop is zero.,The algebraic sum of currents at a node is zero.,The complex opposition a circuit presents to alternating current.,B,1,Hard,Analyze,CO1,"preloaded,basic-electrical-engineering,dc-circuits"
Basic Electrical Engineering,B.Tech / Foundation,2,AC Circuits,"Which description best matches ""Reactance""?",Opposition to alternating current caused by inductance or capacitance.,The voltage across a resistor equals current multiplied by resistance under linear conditions.,An AC motor in which rotor current is induced by the stator magnetic field.,The ratio of secondary to primary turns that determines ideal voltage transformation.,A,1,Easy,Remember,CO2,"preloaded,basic-electrical-engineering,ac-circuits"
Basic Electrical Engineering,B.Tech / Foundation,2,AC Circuits,"Which term is best described as: ""The complex opposition a circuit presents to alternating current.""",Impedance,Kirchhoff voltage law,Transformer,Ammeter,A,1,Medium,Understand,CO2,"preloaded,basic-electrical-engineering,ac-circuits"
Basic Electrical Engineering,B.Tech / Foundation,2,AC Circuits,"In Basic Electrical Engineering, what does ""Power factor""?",The ratio of secondary to primary turns that determines ideal voltage transformation.,A machine that converts DC electrical energy into mechanical energy.,Transformer loss mainly caused by hysteresis and eddy currents in the magnetic core.,The ratio of real power to apparent power in an AC circuit.,D,1,Hard,Analyze,CO2,"preloaded,basic-electrical-engineering,ac-circuits"
Basic Electrical Engineering,B.Tech / Foundation,3,Transformers,"Which description best matches ""Transformer""?",Opposition to alternating current caused by inductance or capacitance.,A static device that transfers AC power between circuits by electromagnetic induction.,Transformer loss mainly caused by hysteresis and eddy currents in the magnetic core.,A machine that converts DC electrical energy into mechanical energy.,B,1,Easy,Remember,CO3,"preloaded,basic-electrical-engineering,transformers"
Basic Electrical Engineering,B.Tech / Foundation,3,Transformers,"Which term is best described as: ""The ratio of secondary to primary turns that determines ideal voltage transformation.""",Kirchhoff voltage law,Core loss,Ohm law,Turns ratio,D,1,Medium,Understand,CO3,"preloaded,basic-electrical-engineering,transformers"
Basic Electrical Engineering,B.Tech / Foundation,3,Transformers,"In Basic Electrical Engineering, what does ""Core loss""?",The ratio of secondary to primary turns that determines ideal voltage transformation.,Transformer loss mainly caused by hysteresis and eddy currents in the magnetic core.,The speed of the rotating magnetic field determined by supply frequency and number of poles.,A static device that transfers AC power between circuits by electromagnetic induction.,B,1,Hard,Analyze,CO3,"preloaded,basic-electrical-engineering,transformers"
Basic Electrical Engineering,B.Tech / Foundation,4,Electrical Machines,"Which description best matches ""DC motor""?",A machine that converts DC electrical energy into mechanical energy.,An AC motor in which rotor current is induced by the stator magnetic field.,The complex opposition a circuit presents to alternating current.,The ratio of real power to apparent power in an AC circuit.,A,1,Easy,Remember,CO4,"preloaded,basic-electrical-engineering,electrical-machines"
Basic Electrical Engineering,B.Tech / Foundation,4,Electrical Machines,"Which term is best described as: ""An AC motor in which rotor current is induced by the stator magnetic field.""",Ammeter,Induction motor,Reactance,Turns ratio,B,1,Medium,Understand,CO4,"preloaded,basic-electrical-engineering,electrical-machines"
Basic Electrical Engineering,B.Tech / Foundation,4,Electrical Machines,"In Basic Electrical Engineering, what does ""Synchronous speed""?",The speed of the rotating magnetic field determined by supply frequency and number of poles.,A machine that converts DC electrical energy into mechanical energy.,An instrument connected in parallel to measure potential difference.,The ratio of real power to apparent power in an AC circuit.,A,1,Hard,Analyze,CO4,"preloaded,basic-electrical-engineering,electrical-machines"
Basic Electrical Engineering,B.Tech / Foundation,5,Measurements and Safety,"Which description best matches ""Ammeter""?",The algebraic sum of currents at a node is zero.,The ratio of real power to apparent power in an AC circuit.,An instrument connected in series to measure electric current.,Opposition to alternating current caused by inductance or capacitance.,C,1,Easy,Remember,CO5,"preloaded,basic-electrical-engineering,measurements-and-safety"
Basic Electrical Engineering,B.Tech / Foundation,5,Measurements and Safety,"Which term is best described as: ""An instrument connected in parallel to measure potential difference.""",Kirchhoff voltage law,Voltmeter,Power factor,Core loss,B,1,Medium,Understand,CO5,"preloaded,basic-electrical-engineering,measurements-and-safety"
Basic Electrical Engineering,B.Tech / Foundation,5,Measurements and Safety,"In Basic Electrical Engineering, what does ""Earthing""?",A static device that transfers AC power between circuits by electromagnetic induction.,Transformer loss mainly caused by hysteresis and eddy currents in the magnetic core.,A safety connection that provides a low-impedance path for fault current to ground.,The ratio of real power to apparent power in an AC circuit.,C,1,Hard,Analyze,CO5,"preloaded,basic-electrical-engineering,measurements-and-safety"
Engineering Mechanics,B.Tech / Foundation,1,Forces and Equilibrium,"Which description best matches ""Resultant force""?",The maximum static friction just before relative motion begins.,The geometric center of an area or volume.,A single force equivalent to the combined effect of a system of forces.,A geometric property describing area distribution about an axis.,C,1,Easy,Remember,CO1,"preloaded,engineering-mechanics,forces-and-equilibrium"
Engineering Mechanics,B.Tech / Foundation,1,Forces and Equilibrium,"Which term is best described as: ""The turning effect of a force about a point or axis.""",Moment,Displacement,Angle of friction,Limiting friction,A,1,Medium,Understand,CO1,"preloaded,engineering-mechanics,forces-and-equilibrium"
Engineering Mechanics,B.Tech / Foundation,1,Forces and Equilibrium,"In Engineering Mechanics, what does ""Equilibrium""?",The time rate of change of velocity.,A state in which the net force and net moment on a body are zero.,A geometric property describing area distribution about an axis.,The net work done on a particle equals its change in kinetic energy.,B,1,Hard,Analyze,CO1,"preloaded,engineering-mechanics,forces-and-equilibrium"
Engineering Mechanics,B.Tech / Foundation,2,Friction,"Which description best matches ""Coefficient of friction""?",The turning effect of a force about a point or axis.,The angle whose tangent equals the coefficient of friction.,A state in which the net force and net moment on a body are zero.,The ratio of limiting friction to normal reaction.,D,1,Easy,Remember,CO2,"preloaded,engineering-mechanics,friction"
Engineering Mechanics,B.Tech / Foundation,2,Friction,"Which term is best described as: ""The maximum static friction just before relative motion begins.""",Velocity,Work-energy principle,Limiting friction,Parallel-axis theorem,C,1,Medium,Understand,CO2,"preloaded,engineering-mechanics,friction"
Engineering Mechanics,B.Tech / Foundation,2,Friction,"In Engineering Mechanics, what does ""Angle of friction""?",The angle whose tangent equals the coefficient of friction.,The maximum static friction just before relative motion begins.,The geometric center of an area or volume.,The time rate of change of velocity.,A,1,Hard,Analyze,CO2,"preloaded,engineering-mechanics,friction"
Engineering Mechanics,B.Tech / Foundation,3,Centroid and Moment of Inertia,"Which description best matches ""Centroid""?","The time integral of force, equal to change in linear momentum.",The geometric center of an area or volume.,A state in which the net force and net moment on a body are zero.,The net work done on a particle equals its change in kinetic energy.,B,1,Easy,Remember,CO3,"preloaded,engineering-mechanics,centroid-and-moment-of-inertia"
Engineering Mechanics,B.Tech / Foundation,3,Centroid and Moment of Inertia,"Which term is best described as: ""A geometric property describing area distribution about an axis.""",Coefficient of friction,Second moment of area,Limiting friction,Resultant force,B,1,Medium,Understand,CO3,"preloaded,engineering-mechanics,centroid-and-moment-of-inertia"
Engineering Mechanics,B.Tech / Foundation,3,Centroid and Moment of Inertia,"In Engineering Mechanics, what does ""Parallel-axis theorem""?",Relates moment of inertia about any parallel axis to that about the centroidal axis.,The time rate of change of displacement.,The ratio of limiting friction to normal reaction.,The turning effect of a force about a point or axis.,A,1,Hard,Analyze,CO3,"preloaded,engineering-mechanics,centroid-and-moment-of-inertia"
Engineering Mechanics,B.Tech / Foundation,4,Kinematics,"Which description best matches ""Displacement""?",A single force equivalent to the combined effect of a system of forces.,The vector change in position of a particle.,The maximum static friction just before relative motion begins.,The net force on a body equals mass times acceleration.,B,1,Easy,Remember,CO4,"preloaded,engineering-mechanics,kinematics"
Engineering Mechanics,B.Tech / Foundation,4,Kinematics,"Which term is best described as: ""The time rate of change of displacement.""",Displacement,Angle of friction,Velocity,Resultant force,C,1,Medium,Understand,CO4,"preloaded,engineering-mechanics,kinematics"
Engineering Mechanics,B.Tech / Foundation,4,Kinematics,"In Engineering Mechanics, what does ""Acceleration""?",The time rate of change of velocity.,A geometric property describing area distribution about an axis.,The ratio of limiting friction to normal reaction.,The time rate of change of displacement.,A,1,Hard,Analyze,CO4,"preloaded,engineering-mechanics,kinematics"
Engineering Mechanics,B.Tech / Foundation,5,Dynamics,"Which description best matches ""Newton second law""?",Relates moment of inertia about any parallel axis to that about the centroidal axis.,A state in which the net force and net moment on a body are zero.,The net force on a body equals mass times acceleration.,The geometric center of an area or volume.,C,1,Easy,Remember,CO5,"preloaded,engineering-mechanics,dynamics"
Engineering Mechanics,B.Tech / Foundation,5,Dynamics,"Which term is best described as: ""The time integral of force, equal to change in linear momentum.""",Work-energy principle,Newton second law,Moment,Impulse,D,1,Medium,Understand,CO5,"preloaded,engineering-mechanics,dynamics"
Engineering Mechanics,B.Tech / Foundation,5,Dynamics,"In Engineering Mechanics, what does ""Work-energy principle""?",The net force on a body equals mass times acceleration.,The time rate of change of displacement.,A single force equivalent to the combined effect of a system of forces.,The net work done on a particle equals its change in kinetic energy.,D,1,Hard,Analyze,CO5,"preloaded,engineering-mechanics,dynamics"
Programming in C,B.Tech CSE/IT,1,C Fundamentals,"Which description best matches ""Variable""?",A named storage location whose value can change during program execution.,Memory obtained at run time using functions such as malloc and released using free.,A multi-way selection construct based on an integral or enumeration expression.,A named reusable block of code that may receive parameters and return a value.,A,1,Easy,Remember,CO1,"preloaded,programming-in-c,c-fundamentals"
Programming in C,B.Tech CSE/IT,1,C Fundamentals,"Which term is best described as: ""A classification that determines the kind of value and operations permitted.""",Data type,Dynamic memory,if statement,String,A,1,Medium,Understand,CO1,"preloaded,programming-in-c,c-fundamentals"
Programming in C,B.Tech CSE/IT,1,C Fundamentals,"In Programming in C, what does ""Operator""?",A selection statement that executes code conditionally.,A contiguous collection of elements of the same type.,A multi-way selection construct based on an integral or enumeration expression.,A symbol that performs an operation on one or more operands.,D,1,Hard,Analyze,CO1,"preloaded,programming-in-c,c-fundamentals"
Programming in C,B.Tech CSE/IT,2,Control Flow,"Which description best matches ""if statement""?","In C, a character array terminated by the null character.",A named reusable block of code that may receive parameters and return a value.,A selection statement that executes code conditionally.,A contiguous collection of elements of the same type.,C,1,Easy,Remember,CO2,"preloaded,programming-in-c,control-flow"
Programming in C,B.Tech CSE/IT,2,Control Flow,"Which term is best described as: ""A loop commonly used when initialization, condition and update are known.""",for loop,if statement,Recursion,switch statement,A,1,Medium,Understand,CO2,"preloaded,programming-in-c,control-flow"
Programming in C,B.Tech CSE/IT,2,Control Flow,"In Programming in C, what does ""switch statement""?",A contiguous collection of elements of the same type.,A multi-way selection construct based on an integral or enumeration expression.,A named storage location whose value can change during program execution.,Memory obtained at run time using functions such as malloc and released using free.,B,1,Hard,Analyze,CO2,"preloaded,programming-in-c,control-flow"
Programming in C,B.Tech CSE/IT,3,Functions and Recursion,"Which description best matches ""Function""?","An array organized with two indices, commonly used to represent a matrix.",A classification that determines the kind of value and operations permitted.,A contiguous collection of elements of the same type.,A named reusable block of code that may receive parameters and return a value.,D,1,Easy,Remember,CO3,"preloaded,programming-in-c,functions-and-recursion"
Programming in C,B.Tech CSE/IT,3,Functions and Recursion,"Which term is best described as: ""A technique in which a function calls itself on a smaller subproblem.""",String,Pointer,Recursion,switch statement,C,1,Medium,Understand,CO3,"preloaded,programming-in-c,functions-and-recursion"
Programming in C,B.Tech CSE/IT,3,Functions and Recursion,"In Programming in C, what does ""Scope""?",The region of a program in which an identifier is visible.,A contiguous collection of elements of the same type.,A technique in which a function calls itself on a smaller subproblem.,A symbol that performs an operation on one or more operands.,A,1,Hard,Analyze,CO3,"preloaded,programming-in-c,functions-and-recursion"
Programming in C,B.Tech CSE/IT,4,Arrays and Strings,"Which description best matches ""Array""?",A multi-way selection construct based on an integral or enumeration expression.,A symbol that performs an operation on one or more operands.,A contiguous collection of elements of the same type.,A named reusable block of code that may receive parameters and return a value.,C,1,Easy,Remember,CO4,"preloaded,programming-in-c,arrays-and-strings"
Programming in C,B.Tech CSE/IT,4,Arrays and Strings,"Which term is best described as: ""In C, a character array terminated by the null character.""",for loop,String,Two-dimensional array,switch statement,B,1,Medium,Understand,CO4,"preloaded,programming-in-c,arrays-and-strings"
Programming in C,B.Tech CSE/IT,4,Arrays and Strings,"In Programming in C, what does ""Two-dimensional array""?",A named reusable block of code that may receive parameters and return a value.,A technique in which a function calls itself on a smaller subproblem.,A symbol that performs an operation on one or more operands.,"An array organized with two indices, commonly used to represent a matrix.",D,1,Hard,Analyze,CO4,"preloaded,programming-in-c,arrays-and-strings"
Programming in C,B.Tech CSE/IT,5,Pointers and Structures,"Which description best matches ""Pointer""?",A multi-way selection construct based on an integral or enumeration expression.,A variable that stores a memory address.,A symbol that performs an operation on one or more operands.,A technique in which a function calls itself on a smaller subproblem.,B,1,Easy,Remember,CO5,"preloaded,programming-in-c,pointers-and-structures"
Programming in C,B.Tech CSE/IT,5,Pointers and Structures,"Which term is best described as: ""A user-defined type that groups variables of possibly different types.""",Dynamic memory,Structure,Variable,if statement,B,1,Medium,Understand,CO5,"preloaded,programming-in-c,pointers-and-structures"
Programming in C,B.Tech CSE/IT,5,Pointers and Structures,"In Programming in C, what does ""Dynamic memory""?",Memory obtained at run time using functions such as malloc and released using free.,A variable that stores a memory address.,A user-defined type that groups variables of possibly different types.,A classification that determines the kind of value and operations permitted.,A,1,Hard,Analyze,CO5,"preloaded,programming-in-c,pointers-and-structures"
Data Structures,B.Tech CSE/IT,1,Linear Structures,"Which description best matches ""Stack""?",A search technique for sorted data that repeatedly halves the search interval.,A tree in which each node has at most two children.,"A linear structure that follows last-in, first-out order.",A graph traversal that explores as deeply as possible before backtracking.,C,1,Easy,Remember,CO1,"preloaded,data-structures,linear-structures"
Data Structures,B.Tech CSE/IT,1,Linear Structures,"Which term is best described as: ""A linear structure that commonly follows first-in, first-out order.""",Tree traversal,Binary search tree,Linked list,Queue,D,1,Medium,Understand,CO1,"preloaded,data-structures,linear-structures"
Data Structures,B.Tech CSE/IT,1,Linear Structures,"In Data Structures, what does ""Linked list""?","A linear structure that commonly follows first-in, first-out order.",A sequence of nodes connected through links rather than contiguous storage.,A complete binary tree satisfying a heap-order property.,A set of vertices connected by edges.,B,1,Hard,Analyze,CO1,"preloaded,data-structures,linear-structures"
Data Structures,B.Tech CSE/IT,2,Trees,"Which description best matches ""Binary tree""?",A function that maps a key to an index or bucket.,A tree in which each node has at most two children.,An abstract data type that removes elements according to priority rather than arrival time.,The operation of restoring the heap property in a subtree or array representation.,B,1,Easy,Remember,CO2,"preloaded,data-structures,trees"
Data Structures,B.Tech CSE/IT,2,Trees,"Which term is best described as: ""A binary tree ordered so keys in the left subtree are smaller and keys in the right subtree are larger.""",Binary search,Binary search tree,Breadth-first search,Heapify,B,1,Medium,Understand,CO2,"preloaded,data-structures,trees"
Data Structures,B.Tech CSE/IT,2,Trees,"In Data Structures, what does ""Tree traversal""?",A systematic method for visiting every node of a tree.,A binary tree ordered so keys in the left subtree are smaller and keys in the right subtree are larger.,A set of vertices connected by edges.,A situation where two different keys map to the same hash location.,A,1,Hard,Analyze,CO2,"preloaded,data-structures,trees"
Data Structures,B.Tech CSE/IT,3,Heaps and Priority Queues,"Which description best matches ""Heap""?",A complete binary tree satisfying a heap-order property.,An abstract data type that removes elements according to priority rather than arrival time.,A graph traversal that explores as deeply as possible before backtracking.,A set of vertices connected by edges.,A,1,Easy,Remember,CO3,"preloaded,data-structures,heaps-and-priority-queues"
Data Structures,B.Tech CSE/IT,3,Heaps and Priority Queues,"Which term is best described as: ""An abstract data type that removes elements according to priority rather than arrival time.""",Tree traversal,Hash function,Priority queue,Binary tree,C,1,Medium,Understand,CO3,"preloaded,data-structures,heaps-and-priority-queues"
Data Structures,B.Tech CSE/IT,3,Heaps and Priority Queues,"In Data Structures, what does ""Heapify""?",The operation of restoring the heap property in a subtree or array representation.,"A linear structure that follows last-in, first-out order.",A tree in which each node has at most two children.,A set of vertices connected by edges.,A,1,Hard,Analyze,CO3,"preloaded,data-structures,heaps-and-priority-queues"
Data Structures,B.Tech CSE/IT,4,Graphs,"Which description best matches ""Graph""?",A set of vertices connected by edges.,A sequence of nodes connected through links rather than contiguous storage.,A binary tree ordered so keys in the left subtree are smaller and keys in the right subtree are larger.,The operation of restoring the heap property in a subtree or array representation.,A,1,Easy,Remember,CO4,"preloaded,data-structures,graphs"
Data Structures,B.Tech CSE/IT,4,Graphs,"Which term is best described as: ""A graph traversal that explores vertices level by level using a queue.""",Breadth-first search,Heap,Depth-first search,Stack,A,1,Medium,Understand,CO4,"preloaded,data-structures,graphs"
Data Structures,B.Tech CSE/IT,4,Graphs,"In Data Structures, what does ""Depth-first search""?",A search technique for sorted data that repeatedly halves the search interval.,A graph traversal that explores as deeply as possible before backtracking.,A situation where two different keys map to the same hash location.,A function that maps a key to an index or bucket.,B,1,Hard,Analyze,CO4,"preloaded,data-structures,graphs"
Data Structures,B.Tech CSE/IT,5,Hashing and Searching,"Which description best matches ""Hash function""?",A systematic method for visiting every node of a tree.,"A linear structure that commonly follows first-in, first-out order.",A function that maps a key to an index or bucket.,A search technique for sorted data that repeatedly halves the search interval.,C,1,Easy,Remember,CO5,"preloaded,data-structures,hashing-and-searching"
Data Structures,B.Tech CSE/IT,5,Hashing and Searching,"Which term is best described as: ""A situation where two different keys map to the same hash location.""",Collision,Priority queue,Stack,Hash function,A,1,Medium,Understand,CO5,"preloaded,data-structures,hashing-and-searching"
Data Structures,B.Tech CSE/IT,5,Hashing and Searching,"In Data Structures, what does ""Binary search""?",A function that maps a key to an index or bucket.,A search technique for sorted data that repeatedly halves the search interval.,A tree in which each node has at most two children.,"A linear structure that commonly follows first-in, first-out order.",B,1,Hard,Analyze,CO5,"preloaded,data-structures,hashing-and-searching"
Object-Oriented Programming with Java,B.Tech CSE/IT,1,Classes and Objects,"Which description best matches ""Class""?",A Java construct used to handle exceptions.,A set of interfaces and classes for storing and manipulating groups of objects.,A blueprint that defines data and behavior for objects.,A lightweight path of execution within a process.,C,1,Easy,Remember,CO1,"preloaded,object-oriented-programming-with-java,classes-and-objects"
Object-Oriented Programming with Java,B.Tech CSE/IT,1,Classes and Objects,"Which term is best described as: ""A runtime instance of a class.""",Constructor,Abstraction,Abstract class,Object,D,1,Medium,Understand,CO1,"preloaded,object-oriented-programming-with-java,classes-and-objects"
Object-Oriented Programming with Java,B.Tech CSE/IT,1,Classes and Objects,"In Object-Oriented Programming with Java, what does ""Constructor""?",A special member used to initialize a newly created object.,A class that cannot be instantiated directly and may contain abstract methods.,An event represented as an object that disrupts normal program flow.,A blueprint that defines data and behavior for objects.,A,1,Hard,Analyze,CO1,"preloaded,object-oriented-programming-with-java,classes-and-objects"
Object-Oriented Programming with Java,B.Tech CSE/IT,2,Inheritance and Polymorphism,"Which description best matches ""Inheritance""?",An event represented as an object that disrupts normal program flow.,A blueprint that defines data and behavior for objects.,Providing a subclass implementation for an inherited method with the same signature.,A mechanism by which one class acquires features of another.,D,1,Easy,Remember,CO2,"preloaded,object-oriented-programming-with-java,inheritance-and-polymorphism"
Object-Oriented Programming with Java,B.Tech CSE/IT,2,Inheritance and Polymorphism,"Which term is best described as: ""Providing a subclass implementation for an inherited method with the same signature.""",Abstract class,Thread,Method overriding,Inheritance,C,1,Medium,Understand,CO2,"preloaded,object-oriented-programming-with-java,inheritance-and-polymorphism"
Object-Oriented Programming with Java,B.Tech CSE/IT,2,Inheritance and Polymorphism,"In Object-Oriented Programming with Java, what does ""Polymorphism""?",A lightweight path of execution within a process.,A special member used to initialize a newly created object.,The ability to use a common interface while behavior varies by actual object type.,Providing a subclass implementation for an inherited method with the same signature.,C,1,Hard,Analyze,CO2,"preloaded,object-oriented-programming-with-java,inheritance-and-polymorphism"
Object-Oriented Programming with Java,B.Tech CSE/IT,3,Abstraction and Interfaces,"Which description best matches ""Abstraction""?",Hiding implementation details while exposing essential behavior.,Coordination that controls concurrent access to shared resources.,An event represented as an object that disrupts normal program flow.,A Java construct used to handle exceptions.,A,1,Easy,Remember,CO3,"preloaded,object-oriented-programming-with-java,abstraction-and-interfaces"
Object-Oriented Programming with Java,B.Tech CSE/IT,3,Abstraction and Interfaces,"Which term is best described as: ""A Java reference type that specifies a contract of methods and constants.""",Thread,Interface,try-catch,Synchronization,B,1,Medium,Understand,CO3,"preloaded,object-oriented-programming-with-java,abstraction-and-interfaces"
Object-Oriented Programming with Java,B.Tech CSE/IT,3,Abstraction and Interfaces,"In Object-Oriented Programming with Java, what does ""Abstract class""?",A class that cannot be instantiated directly and may contain abstract methods.,A mechanism by which one class acquires features of another.,A special member used to initialize a newly created object.,Coordination that controls concurrent access to shared resources.,A,1,Hard,Analyze,CO3,"preloaded,object-oriented-programming-with-java,abstraction-and-interfaces"
Object-Oriented Programming with Java,B.Tech CSE/IT,4,Exceptions and Collections,"Which description best matches ""Exception""?",Coordination that controls concurrent access to shared resources.,An event represented as an object that disrupts normal program flow.,A set of interfaces and classes for storing and manipulating groups of objects.,A blueprint that defines data and behavior for objects.,B,1,Easy,Remember,CO4,"preloaded,object-oriented-programming-with-java,exceptions-and-collections"
Object-Oriented Programming with Java,B.Tech CSE/IT,4,Exceptions and Collections,"Which term is best described as: ""A Java construct used to handle exceptions.""",Thread,Object,Abstract class,try-catch,D,1,Medium,Understand,CO4,"preloaded,object-oriented-programming-with-java,exceptions-and-collections"
Object-Oriented Programming with Java,B.Tech CSE/IT,4,Exceptions and Collections,"In Object-Oriented Programming with Java, what does ""Collection framework""?",Hiding implementation details while exposing essential behavior.,A Java construct used to handle exceptions.,A set of interfaces and classes for storing and manipulating groups of objects.,Coordination that controls concurrent access to shared resources.,C,1,Hard,Analyze,CO4,"preloaded,object-oriented-programming-with-java,exceptions-and-collections"
Object-Oriented Programming with Java,B.Tech CSE/IT,5,Threads and I/O,"Which description best matches ""Thread""?",A Java reference type that specifies a contract of methods and constants.,A lightweight path of execution within a process.,A blueprint that defines data and behavior for objects.,A special member used to initialize a newly created object.,B,1,Easy,Remember,CO5,"preloaded,object-oriented-programming-with-java,threads-and-i-o"
Object-Oriented Programming with Java,B.Tech CSE/IT,5,Threads and I/O,"Which term is best described as: ""Coordination that controls concurrent access to shared resources.""",Synchronization,Abstract class,Constructor,Interface,A,1,Medium,Understand,CO5,"preloaded,object-oriented-programming-with-java,threads-and-i-o"
Object-Oriented Programming with Java,B.Tech CSE/IT,5,Threads and I/O,"In Object-Oriented Programming with Java, what does ""Stream""?",A class that cannot be instantiated directly and may contain abstract methods.,Coordination that controls concurrent access to shared resources.,An abstraction representing a flow of data for input or output.,Hiding implementation details while exposing essential behavior.,C,1,Hard,Analyze,CO5,"preloaded,object-oriented-programming-with-java,threads-and-i-o"
Database Management Systems,B.Tech CSE/IT,1,Database Fundamentals,"Which description best matches ""DBMS""?",A relationship in which one set of attributes determines another.,"Software that defines, stores, retrieves and manages data in databases.",The logical structure and organization of a database.,A correctness criterion where a concurrent schedule is equivalent to some serial schedule.,B,1,Easy,Remember,CO1,"preloaded,database-management-systems,database-fundamentals"
Database Management Systems,B.Tech CSE/IT,1,Database Fundamentals,"Which term is best described as: ""The logical structure and organization of a database.""",Data independence,Schema,Transaction,Third normal form,B,1,Medium,Understand,CO1,"preloaded,database-management-systems,database-fundamentals"
Database Management Systems,B.Tech CSE/IT,1,Database Fundamentals,"In Database Management Systems, what does ""Data independence""?",The ability to change one level of database schema without requiring changes at a higher level.,A normal form requiring every determinant in a nontrivial functional dependency to be a superkey.,A normal form that removes transitive dependencies on candidate keys under standard conditions.,"Software that defines, stores, retrieves and manages data in databases.",A,1,Hard,Analyze,CO1,"preloaded,database-management-systems,database-fundamentals"
Database Management Systems,B.Tech CSE/IT,2,Relational Model and SQL,"Which description best matches ""Primary key""?",An attribute or set of attributes that uniquely identifies a row.,A correctness criterion where a concurrent schedule is equivalent to some serial schedule.,A normal form requiring every determinant in a nontrivial functional dependency to be a superkey.,A logical unit of database work treated atomically.,A,1,Easy,Remember,CO2,"preloaded,database-management-systems,relational-model-and-sql"
Database Management Systems,B.Tech CSE/IT,2,Relational Model and SQL,"Which term is best described as: ""An attribute that references a key in another or the same relation.""",ACID,B+ tree,Serializability,Foreign key,D,1,Medium,Understand,CO2,"preloaded,database-management-systems,relational-model-and-sql"
Database Management Systems,B.Tech CSE/IT,2,Relational Model and SQL,"In Database Management Systems, what does ""JOIN""?","Software that defines, stores, retrieves and manages data in databases.",An SQL operation that combines rows from related tables.,A normal form that removes transitive dependencies on candidate keys under standard conditions.,A balanced tree index structure with data references typically stored at leaves.,B,1,Hard,Analyze,CO2,"preloaded,database-management-systems,relational-model-and-sql"
Database Management Systems,B.Tech CSE/IT,3,Normalization,"Which description best matches ""Functional dependency""?",The logical structure and organization of a database.,The ability to change one level of database schema without requiring changes at a higher level.,A relationship in which one set of attributes determines another.,"The properties atomicity, consistency, isolation and durability.",C,1,Easy,Remember,CO3,"preloaded,database-management-systems,normalization"
Database Management Systems,B.Tech CSE/IT,3,Normalization,"Which term is best described as: ""A normal form that removes transitive dependencies on candidate keys under standard conditions.""",Serializability,Third normal form,Index,Data independence,B,1,Medium,Understand,CO3,"preloaded,database-management-systems,normalization"
Database Management Systems,B.Tech CSE/IT,3,Normalization,"In Database Management Systems, what does ""BCNF""?",A normal form that removes transitive dependencies on candidate keys under standard conditions.,A normal form requiring every determinant in a nontrivial functional dependency to be a superkey.,A relationship in which one set of attributes determines another.,The ability to change one level of database schema without requiring changes at a higher level.,B,1,Hard,Analyze,CO3,"preloaded,database-management-systems,normalization"
Database Management Systems,B.Tech CSE/IT,4,Transactions and Concurrency,"Which description best matches ""Transaction""?",An SQL operation that combines rows from related tables.,The ability to change one level of database schema without requiring changes at a higher level.,A correctness criterion where a concurrent schedule is equivalent to some serial schedule.,A logical unit of database work treated atomically.,D,1,Easy,Remember,CO4,"preloaded,database-management-systems,transactions-and-concurrency"
Database Management Systems,B.Tech CSE/IT,4,Transactions and Concurrency,"Which term is best described as: ""The properties atomicity, consistency, isolation and durability.""",Primary key,Write-ahead logging,ACID,Data independence,C,1,Medium,Understand,CO4,"preloaded,database-management-systems,transactions-and-concurrency"
Database Management Systems,B.Tech CSE/IT,4,Transactions and Concurrency,"In Database Management Systems, what does ""Serializability""?",A relationship in which one set of attributes determines another.,A correctness criterion where a concurrent schedule is equivalent to some serial schedule.,"The properties atomicity, consistency, isolation and durability.",A normal form requiring every determinant in a nontrivial functional dependency to be a superkey.,B,1,Hard,Analyze,CO4,"preloaded,database-management-systems,transactions-and-concurrency"
Database Management Systems,B.Tech CSE/IT,5,Indexing and Recovery,"Which description best matches ""Index""?","The properties atomicity, consistency, isolation and durability.",A logical unit of database work treated atomically.,A recovery rule requiring log records to reach stable storage before corresponding data pages.,An auxiliary structure that speeds data retrieval.,D,1,Easy,Remember,CO5,"preloaded,database-management-systems,indexing-and-recovery"
Database Management Systems,B.Tech CSE/IT,5,Indexing and Recovery,"Which term is best described as: ""A balanced tree index structure with data references typically stored at leaves.""",Functional dependency,Third normal form,DBMS,B+ tree,D,1,Medium,Understand,CO5,"preloaded,database-management-systems,indexing-and-recovery"
Database Management Systems,B.Tech CSE/IT,5,Indexing and Recovery,"In Database Management Systems, what does ""Write-ahead logging""?",An SQL operation that combines rows from related tables.,A normal form that removes transitive dependencies on candidate keys under standard conditions.,The ability to change one level of database schema without requiring changes at a higher level.,A recovery rule requiring log records to reach stable storage before corresponding data pages.,D,1,Hard,Analyze,CO5,"preloaded,database-management-systems,indexing-and-recovery"
Operating Systems,B.Tech CSE/IT,1,Processes and Threads,"Which description best matches ""Process""?",A memory-management scheme using fixed-size pages and frames.,A state in which processes wait indefinitely for resources held by one another.,A program in execution together with its execution state and resources.,The time from process submission to completion.,C,1,Easy,Remember,CO1,"preloaded,operating-systems,processes-and-threads"
Operating Systems,B.Tech CSE/IT,1,Processes and Threads,"Which term is best described as: ""A schedulable execution unit within a process.""",Round robin,Critical section,Thread,Semaphore,C,1,Medium,Understand,CO1,"preloaded,operating-systems,processes-and-threads"
Operating Systems,B.Tech CSE/IT,1,Processes and Threads,"In Operating Systems, what does ""Context switch""?",A synchronization primitive controlled through atomic wait and signal operations.,The act of saving one execution context and restoring another.,A program in execution together with its execution state and resources.,A preemptive scheduling algorithm that gives each ready process a time quantum.,B,1,Hard,Analyze,CO1,"preloaded,operating-systems,processes-and-threads"
Operating Systems,B.Tech CSE/IT,2,CPU Scheduling,"Which description best matches ""Round robin""?",A preemptive scheduling algorithm that gives each ready process a time quantum.,The time from process submission to completion.,The act of saving one execution context and restoring another.,An event triggered when a referenced page is not currently resident in physical memory.,A,1,Easy,Remember,CO2,"preloaded,operating-systems,cpu-scheduling"
Operating Systems,B.Tech CSE/IT,2,CPU Scheduling,"Which term is best described as: ""The time from process submission to completion.""",Page fault,Turnaround time,Directory,Waiting time,B,1,Medium,Understand,CO2,"preloaded,operating-systems,cpu-scheduling"
Operating Systems,B.Tech CSE/IT,2,CPU Scheduling,"In Operating Systems, what does ""Waiting time""?",The total time a process spends waiting in the ready queue.,A Unix-like file-system data structure storing file metadata and block references.,A schedulable execution unit within a process.,A memory-management scheme using fixed-size pages and frames.,A,1,Hard,Analyze,CO2,"preloaded,operating-systems,cpu-scheduling"
Operating Systems,B.Tech CSE/IT,3,Synchronization and Deadlocks,"Which description best matches ""Semaphore""?",A program in execution together with its execution state and resources.,The total time a process spends waiting in the ready queue.,The OS component that organizes persistent files and directories on storage.,A synchronization primitive controlled through atomic wait and signal operations.,D,1,Easy,Remember,CO3,"preloaded,operating-systems,synchronization-and-deadlocks"
Operating Systems,B.Tech CSE/IT,3,Synchronization and Deadlocks,"Which term is best described as: ""A code region that accesses shared data and must be protected from unsafe concurrent execution.""",Inode,Context switch,Critical section,Deadlock,C,1,Medium,Understand,CO3,"preloaded,operating-systems,synchronization-and-deadlocks"
Operating Systems,B.Tech CSE/IT,3,Synchronization and Deadlocks,"In Operating Systems, what does ""Deadlock""?",A schedulable execution unit within a process.,A preemptive scheduling algorithm that gives each ready process a time quantum.,An event triggered when a referenced page is not currently resident in physical memory.,A state in which processes wait indefinitely for resources held by one another.,D,1,Hard,Analyze,CO3,"preloaded,operating-systems,synchronization-and-deadlocks"
Operating Systems,B.Tech CSE/IT,4,Memory Management,"Which description best matches ""Paging""?",A memory-management scheme using fixed-size pages and frames.,The time from process submission to completion.,A synchronization primitive controlled through atomic wait and signal operations.,A structure that maps names to files or other directories.,A,1,Easy,Remember,CO4,"preloaded,operating-systems,memory-management"
Operating Systems,B.Tech CSE/IT,4,Memory Management,"Which term is best described as: ""A technique that gives processes an address space larger than immediately available physical memory.""",Deadlock,Waiting time,Paging,Virtual memory,D,1,Medium,Understand,CO4,"preloaded,operating-systems,memory-management"
Operating Systems,B.Tech CSE/IT,4,Memory Management,"In Operating Systems, what does ""Page fault""?",A synchronization primitive controlled through atomic wait and signal operations.,A structure that maps names to files or other directories.,An event triggered when a referenced page is not currently resident in physical memory.,A technique that gives processes an address space larger than immediately available physical memory.,C,1,Hard,Analyze,CO4,"preloaded,operating-systems,memory-management"
Operating Systems,B.Tech CSE/IT,5,File Systems,"Which description best matches ""File system""?",The act of saving one execution context and restoring another.,A synchronization primitive controlled through atomic wait and signal operations.,The OS component that organizes persistent files and directories on storage.,A structure that maps names to files or other directories.,C,1,Easy,Remember,CO5,"preloaded,operating-systems,file-systems"
Operating Systems,B.Tech CSE/IT,5,File Systems,"Which term is best described as: ""A Unix-like file-system data structure storing file metadata and block references.""",Inode,File system,Page fault,Virtual memory,A,1,Medium,Understand,CO5,"preloaded,operating-systems,file-systems"
Operating Systems,B.Tech CSE/IT,5,File Systems,"In Operating Systems, what does ""Directory""?",The OS component that organizes persistent files and directories on storage.,A program in execution together with its execution state and resources.,A code region that accesses shared data and must be protected from unsafe concurrent execution.,A structure that maps names to files or other directories.,D,1,Hard,Analyze,CO5,"preloaded,operating-systems,file-systems"
Computer Networks,B.Tech CSE/IT,1,Network Models,"Which description best matches ""OSI model""?",The protocol architecture underlying the Internet.,A connectionless transport protocol with low overhead and no built-in reliability guarantee.,A logical network-layer address used for packet delivery.,A seven-layer conceptual model for network communication functions.,D,1,Easy,Remember,CO1,"preloaded,computer-networks,network-models"
Computer Networks,B.Tech CSE/IT,1,Network Models,"Which term is best described as: ""The protocol architecture underlying the Internet.""",TLS,IP address,HTTP,TCP/IP model,D,1,Medium,Understand,CO1,"preloaded,computer-networks,network-models"
Computer Networks,B.Tech CSE/IT,1,Network Models,"In Computer Networks, what does ""Encapsulation""?",A logical network-layer address used for packet delivery.,A connectionless transport protocol with low overhead and no built-in reliability guarantee.,A connection-oriented transport protocol providing reliable ordered byte delivery.,The process of adding protocol control information as data moves down a stack.,D,1,Hard,Analyze,CO1,"preloaded,computer-networks,network-models"
Computer Networks,B.Tech CSE/IT,2,Data Link Layer,"Which description best matches ""MAC address""?",A distributed naming system that maps domain names to resource records such as IP addresses.,A seven-layer conceptual model for network communication functions.,A logical network-layer address used for packet delivery.,A link-layer hardware identifier used on local networks.,D,1,Easy,Remember,CO2,"preloaded,computer-networks,data-link-layer"
Computer Networks,B.Tech CSE/IT,2,Data Link Layer,"Which term is best described as: ""A widely used family of wired local-area networking technologies.""",Ethernet,TLS,HTTP,CRC,A,1,Medium,Understand,CO2,"preloaded,computer-networks,data-link-layer"
Computer Networks,B.Tech CSE/IT,2,Data Link Layer,"In Computer Networks, what does ""CRC""?",A device that forwards packets between IP networks.,An application-layer protocol for transferring web resources.,An error-detection technique based on polynomial division.,A protocol that provides confidentiality and integrity for network communication.,C,1,Hard,Analyze,CO2,"preloaded,computer-networks,data-link-layer"
Computer Networks,B.Tech CSE/IT,3,Network Layer,"Which description best matches ""IP address""?",An error-detection technique based on polynomial division.,A transport-layer identifier used to distinguish application endpoints.,A widely used family of wired local-area networking technologies.,A logical network-layer address used for packet delivery.,D,1,Easy,Remember,CO3,"preloaded,computer-networks,network-layer"
Computer Networks,B.Tech CSE/IT,3,Network Layer,"Which term is best described as: ""A device that forwards packets between IP networks.""",TCP/IP model,CRC,Router,TCP,C,1,Medium,Understand,CO3,"preloaded,computer-networks,network-layer"
Computer Networks,B.Tech CSE/IT,3,Network Layer,"In Computer Networks, what does ""Subnet mask""?",A connection-oriented transport protocol providing reliable ordered byte delivery.,An error-detection technique based on polynomial division.,A bit mask used to separate network and host portions of an IP address.,A protocol that provides confidentiality and integrity for network communication.,C,1,Hard,Analyze,CO3,"preloaded,computer-networks,network-layer"
Computer Networks,B.Tech CSE/IT,4,Transport Layer,"Which description best matches ""TCP""?",A distributed naming system that maps domain names to resource records such as IP addresses.,A protocol that provides confidentiality and integrity for network communication.,A logical network-layer address used for packet delivery.,A connection-oriented transport protocol providing reliable ordered byte delivery.,D,1,Easy,Remember,CO4,"preloaded,computer-networks,transport-layer"
Computer Networks,B.Tech CSE/IT,4,Transport Layer,"Which term is best described as: ""A connectionless transport protocol with low overhead and no built-in reliability guarantee.""",IP address,OSI model,UDP,DNS,C,1,Medium,Understand,CO4,"preloaded,computer-networks,transport-layer"
Computer Networks,B.Tech CSE/IT,4,Transport Layer,"In Computer Networks, what does ""Port number""?",The process of adding protocol control information as data moves down a stack.,The protocol architecture underlying the Internet.,A bit mask used to separate network and host portions of an IP address.,A transport-layer identifier used to distinguish application endpoints.,D,1,Hard,Analyze,CO4,"preloaded,computer-networks,transport-layer"
Computer Networks,B.Tech CSE/IT,5,Application and Security,"Which description best matches ""DNS""?",A seven-layer conceptual model for network communication functions.,A connection-oriented transport protocol providing reliable ordered byte delivery.,An application-layer protocol for transferring web resources.,A distributed naming system that maps domain names to resource records such as IP addresses.,D,1,Easy,Remember,CO5,"preloaded,computer-networks,application-and-security"
Computer Networks,B.Tech CSE/IT,5,Application and Security,"Which term is best described as: ""An application-layer protocol for transferring web resources.""",HTTP,UDP,Ethernet,Encapsulation,A,1,Medium,Understand,CO5,"preloaded,computer-networks,application-and-security"
Computer Networks,B.Tech CSE/IT,5,Application and Security,"In Computer Networks, what does ""TLS""?",A link-layer hardware identifier used on local networks.,A bit mask used to separate network and host portions of an IP address.,A protocol that provides confidentiality and integrity for network communication.,An application-layer protocol for transferring web resources.,C,1,Hard,Analyze,CO5,"preloaded,computer-networks,application-and-security"
Software Engineering,B.Tech CSE/IT,1,Software Process,"Which description best matches ""SDLC""?",The degree to which responsibilities within a module belong together.,"A constraint or quality attribute such as performance, security or usability.",An iterative approach emphasizing incremental delivery and feedback.,"A structured lifecycle covering planning, development, testing, deployment and maintenance.",D,1,Easy,Remember,CO1,"preloaded,software-engineering,software-process"
Software Engineering,B.Tech CSE/IT,1,Software Process,"Which term is best described as: ""An iterative approach emphasizing incremental delivery and feedback.""",Integration testing,Agile,Non-functional requirement,Unit testing,B,1,Medium,Understand,CO1,"preloaded,software-engineering,software-process"
Software Engineering,B.Tech CSE/IT,1,Software Process,"In Software Engineering, what does ""Waterfall""?",Testing interactions among combined components.,"A constraint or quality attribute such as performance, security or usability.",A sequential development model with phase-by-phase progression.,The degree of interdependence between software modules.,C,1,Hard,Analyze,CO1,"preloaded,software-engineering,software-process"
Software Engineering,B.Tech CSE/IT,2,Requirements Engineering,"Which description best matches ""Functional requirement""?",Testing interactions among combined components.,A statement of what the system should do.,A sequential development model with phase-by-phase progression.,An iterative approach emphasizing incremental delivery and feedback.,B,1,Easy,Remember,CO2,"preloaded,software-engineering,requirements-engineering"
Software Engineering,B.Tech CSE/IT,2,Requirements Engineering,"Which term is best described as: ""A constraint or quality attribute such as performance, security or usability.""",Use case,Non-functional requirement,Risk management,Unit testing,B,1,Medium,Understand,CO2,"preloaded,software-engineering,requirements-engineering"
Software Engineering,B.Tech CSE/IT,2,Requirements Engineering,"In Software Engineering, what does ""Use case""?",A description of interactions between an actor and a system to achieve a goal.,Changes made to fix discovered defects.,Testing interactions among combined components.,"Control of software versions, changes and baselines.",A,1,Hard,Analyze,CO2,"preloaded,software-engineering,requirements-engineering"
Software Engineering,B.Tech CSE/IT,3,Design,"Which description best matches ""Cohesion""?",Changes made to fix discovered defects.,Retesting after changes to detect unintended effects on existing behavior.,An iterative approach emphasizing incremental delivery and feedback.,The degree to which responsibilities within a module belong together.,D,1,Easy,Remember,CO3,"preloaded,software-engineering,design"
Software Engineering,B.Tech CSE/IT,3,Design,"Which term is best described as: ""The degree of interdependence between software modules.""",Coupling,Regression testing,Use case,Waterfall,A,1,Medium,Understand,CO3,"preloaded,software-engineering,design"
Software Engineering,B.Tech CSE/IT,3,Design,"In Software Engineering, what does ""Design pattern""?",The degree to which responsibilities within a module belong together.,An iterative approach emphasizing incremental delivery and feedback.,A reusable general solution to a recurring software design problem.,"Identification, analysis and treatment of project uncertainties.",C,1,Hard,Analyze,CO3,"preloaded,software-engineering,design"
Software Engineering,B.Tech CSE/IT,4,Testing,"Which description best matches ""Unit testing""?",A reusable general solution to a recurring software design problem.,"Identification, analysis and treatment of project uncertainties.",Testing interactions among combined components.,Testing individual components in isolation.,D,1,Easy,Remember,CO4,"preloaded,software-engineering,testing"
Software Engineering,B.Tech CSE/IT,4,Testing,"Which term is best described as: ""Testing interactions among combined components.""",Use case,Integration testing,Configuration management,Risk management,B,1,Medium,Understand,CO4,"preloaded,software-engineering,testing"
Software Engineering,B.Tech CSE/IT,4,Testing,"In Software Engineering, what does ""Regression testing""?",Testing interactions among combined components.,Retesting after changes to detect unintended effects on existing behavior.,"A constraint or quality attribute such as performance, security or usability.",A statement of what the system should do.,B,1,Hard,Analyze,CO4,"preloaded,software-engineering,testing"
Software Engineering,B.Tech CSE/IT,5,Maintenance and Project Management,"Which description best matches ""Corrective maintenance""?",The degree of interdependence between software modules.,An iterative approach emphasizing incremental delivery and feedback.,Changes made to fix discovered defects.,Testing individual components in isolation.,C,1,Easy,Remember,CO5,"preloaded,software-engineering,maintenance-and-project-management"
Software Engineering,B.Tech CSE/IT,5,Maintenance and Project Management,"Which term is best described as: ""Control of software versions, changes and baselines.""",Design pattern,SDLC,Regression testing,Configuration management,D,1,Medium,Understand,CO5,"preloaded,software-engineering,maintenance-and-project-management"
Software Engineering,B.Tech CSE/IT,5,Maintenance and Project Management,"In Software Engineering, what does ""Risk management""?",Testing individual components in isolation.,Retesting after changes to detect unintended effects on existing behavior.,"Control of software versions, changes and baselines.","Identification, analysis and treatment of project uncertainties.",D,1,Hard,Analyze,CO5,"preloaded,software-engineering,maintenance-and-project-management"
Design and Analysis of Algorithms,B.Tech CSE/IT,1,Complexity Analysis,"Which description best matches ""Big O""?",A locally optimal choice made with the aim of reaching a global optimum.,A greedy algorithm that builds a minimum spanning tree by selecting safe edges in increasing weight order.,An equation that defines a quantity in terms of smaller instances of itself.,An asymptotic upper bound commonly used to describe growth rate.,D,1,Easy,Remember,CO1,"preloaded,design-and-analysis-of-algorithms,complexity-analysis"
Design and Analysis of Algorithms,B.Tech CSE/IT,1,Complexity Analysis,"Which term is best described as: ""An asymptotically tight bound on a function.""",Master theorem,Recurrence relation,Big Theta,Merge sort,C,1,Medium,Understand,CO1,"preloaded,design-and-analysis-of-algorithms,complexity-analysis"
Design and Analysis of Algorithms,B.Tech CSE/IT,1,Complexity Analysis,"In Design and Analysis of Algorithms, what does ""Recurrence relation""?",A divide-and-conquer sorting algorithm with O(n log n) worst-case time.,An equation that defines a quantity in terms of smaller instances of itself.,Bottom-up computation of dynamic-programming states.,An asymptotic upper bound commonly used to describe growth rate.,B,1,Hard,Analyze,CO1,"preloaded,design-and-analysis-of-algorithms,complexity-analysis"
Design and Analysis of Algorithms,B.Tech CSE/IT,2,Divide and Conquer,"Which description best matches ""Merge sort""?",A divide-and-conquer search algorithm for sorted data.,An asymptotically tight bound on a function.,Bottom-up computation of dynamic-programming states.,A divide-and-conquer sorting algorithm with O(n log n) worst-case time.,D,1,Easy,Remember,CO2,"preloaded,design-and-analysis-of-algorithms,divide-and-conquer"
Design and Analysis of Algorithms,B.Tech CSE/IT,2,Divide and Conquer,"Which term is best described as: ""A divide-and-conquer search algorithm for sorted data.""",Kruskal algorithm,Binary search,Master theorem,Memoization,B,1,Medium,Understand,CO2,"preloaded,design-and-analysis-of-algorithms,divide-and-conquer"
Design and Analysis of Algorithms,B.Tech CSE/IT,2,Divide and Conquer,"In Design and Analysis of Algorithms, what does ""Master theorem""?",A search strategy that abandons partial solutions once they cannot lead to a valid answer.,A divide-and-conquer search algorithm for sorted data.,Problems that are both in NP and at least as hard as every problem in NP under polynomial reductions.,A method for deriving asymptotic bounds for many divide-and-conquer recurrences.,D,1,Hard,Analyze,CO2,"preloaded,design-and-analysis-of-algorithms,divide-and-conquer"
Design and Analysis of Algorithms,B.Tech CSE/IT,3,Greedy Algorithms,"Which description best matches ""Greedy choice""?",An asymptotic upper bound commonly used to describe growth rate.,A locally optimal choice made with the aim of reaching a global optimum.,Top-down caching of subproblem results.,An asymptotically tight bound on a function.,B,1,Easy,Remember,CO3,"preloaded,design-and-analysis-of-algorithms,greedy-algorithms"
Design and Analysis of Algorithms,B.Tech CSE/IT,3,Greedy Algorithms,"Which term is best described as: ""A greedy algorithm that builds a minimum spanning tree by selecting safe edges in increasing weight order.""",Recurrence relation,Kruskal algorithm,Dijkstra algorithm,Optimal substructure,B,1,Medium,Understand,CO3,"preloaded,design-and-analysis-of-algorithms,greedy-algorithms"
Design and Analysis of Algorithms,B.Tech CSE/IT,3,Greedy Algorithms,"In Design and Analysis of Algorithms, what does ""Dijkstra algorithm""?",An asymptotically tight bound on a function.,A greedy shortest-path algorithm for graphs with nonnegative edge weights.,An asymptotic upper bound commonly used to describe growth rate.,Bottom-up computation of dynamic-programming states.,B,1,Hard,Analyze,CO3,"preloaded,design-and-analysis-of-algorithms,greedy-algorithms"
Design and Analysis of Algorithms,B.Tech CSE/IT,4,Dynamic Programming,"Which description best matches ""Optimal substructure""?",A property where an optimal solution contains optimal solutions to subproblems.,A method for deriving asymptotic bounds for many divide-and-conquer recurrences.,A divide-and-conquer sorting algorithm with O(n log n) worst-case time.,An asymptotic upper bound commonly used to describe growth rate.,A,1,Easy,Remember,CO4,"preloaded,design-and-analysis-of-algorithms,dynamic-programming"
Design and Analysis of Algorithms,B.Tech CSE/IT,4,Dynamic Programming,"Which term is best described as: ""Top-down caching of subproblem results.""",Memoization,Kruskal algorithm,Dijkstra algorithm,Optimal substructure,A,1,Medium,Understand,CO4,"preloaded,design-and-analysis-of-algorithms,dynamic-programming"
Design and Analysis of Algorithms,B.Tech CSE/IT,4,Dynamic Programming,"In Design and Analysis of Algorithms, what does ""Tabulation""?",A greedy shortest-path algorithm for graphs with nonnegative edge weights.,Bottom-up computation of dynamic-programming states.,Problems that are both in NP and at least as hard as every problem in NP under polynomial reductions.,A divide-and-conquer search algorithm for sorted data.,B,1,Hard,Analyze,CO4,"preloaded,design-and-analysis-of-algorithms,dynamic-programming"
Design and Analysis of Algorithms,B.Tech CSE/IT,5,Backtracking and NP-Completeness,"Which description best matches ""Backtracking""?",A search strategy that abandons partial solutions once they cannot lead to a valid answer.,A divide-and-conquer sorting algorithm with O(n log n) worst-case time.,A locally optimal choice made with the aim of reaching a global optimum.,An asymptotically tight bound on a function.,A,1,Easy,Remember,CO5,"preloaded,design-and-analysis-of-algorithms,backtracking-and-np-completeness"
Design and Analysis of Algorithms,B.Tech CSE/IT,5,Backtracking and NP-Completeness,"Which term is best described as: ""The class of decision problems whose proposed solutions can be verified in polynomial time.""",Binary search,Dijkstra algorithm,NP,NP-complete,C,1,Medium,Understand,CO5,"preloaded,design-and-analysis-of-algorithms,backtracking-and-np-completeness"
Design and Analysis of Algorithms,B.Tech CSE/IT,5,Backtracking and NP-Completeness,"In Design and Analysis of Algorithms, what does ""NP-complete""?",An asymptotic upper bound commonly used to describe growth rate.,A property where an optimal solution contains optimal solutions to subproblems.,Problems that are both in NP and at least as hard as every problem in NP under polynomial reductions.,The class of decision problems whose proposed solutions can be verified in polynomial time.,C,1,Hard,Analyze,CO5,"preloaded,design-and-analysis-of-algorithms,backtracking-and-np-completeness"
Computer Organization and Architecture,B.Tech CSE/IT,1,Data Representation,"Which description best matches ""Two's complement""?",A common binary representation for signed integers.,The tendency of programs to reuse data or access nearby addresses.,A signal that causes the CPU to suspend normal flow and execute a handler.,An organization that overlaps stages of multiple instructions.,A,1,Easy,Remember,CO1,"preloaded,computer-organization-and-architecture,data-representation"
Computer Organization and Architecture,B.Tech CSE/IT,1,Data Representation,"Which term is best described as: ""A representation using sign, exponent and significand to encode a wide numeric range.""",Register,Hazard,Floating point,Control unit,C,1,Medium,Understand,CO1,"preloaded,computer-organization-and-architecture,data-representation"
Computer Organization and Architecture,B.Tech CSE/IT,1,Data Representation,"In Computer Organization and Architecture, what does ""BCD""?",Small fast memory that stores recently or frequently used data.,"Small, fast storage located inside or very close to the CPU.",A cache property describing how many locations can hold a given memory block.,A code representing each decimal digit separately in binary.,D,1,Hard,Analyze,CO1,"preloaded,computer-organization-and-architecture,data-representation"
Computer Organization and Architecture,B.Tech CSE/IT,2,Processor Organization,"Which description best matches ""ALU""?",The processor component that performs arithmetic and logical operations.,A cache property describing how many locations can hold a given memory block.,Small fast memory that stores recently or frequently used data.,"A representation using sign, exponent and significand to encode a wide numeric range.",A,1,Easy,Remember,CO2,"preloaded,computer-organization-and-architecture,processor-organization"
Computer Organization and Architecture,B.Tech CSE/IT,2,Processor Organization,"Which term is best described as: ""The component that directs instruction execution and coordinates processor operations.""",Hazard,Control unit,Two's complement,ALU,B,1,Medium,Understand,CO2,"preloaded,computer-organization-and-architecture,processor-organization"
Computer Organization and Architecture,B.Tech CSE/IT,2,Processor Organization,"In Computer Organization and Architecture, what does ""Register""?",The tendency of programs to reuse data or access nearby addresses.,"The sequence of steps used to fetch, decode and execute an instruction.",An organization that overlaps stages of multiple instructions.,"Small, fast storage located inside or very close to the CPU.",D,1,Hard,Analyze,CO2,"preloaded,computer-organization-and-architecture,processor-organization"
Computer Organization and Architecture,B.Tech CSE/IT,3,Instruction Set and Pipelining,"Which description best matches ""Instruction cycle""?",A processor package containing multiple execution cores.,"The sequence of steps used to fetch, decode and execute an instruction.",Small fast memory that stores recently or frequently used data.,A common binary representation for signed integers.,B,1,Easy,Remember,CO3,"preloaded,computer-organization-and-architecture,instruction-set-and-pipelining"
Computer Organization and Architecture,B.Tech CSE/IT,3,Instruction Set and Pipelining,"Which term is best described as: ""An organization that overlaps stages of multiple instructions.""",Interrupt,Pipeline,Multicore processor,Floating point,B,1,Medium,Understand,CO3,"preloaded,computer-organization-and-architecture,instruction-set-and-pipelining"
Computer Organization and Architecture,B.Tech CSE/IT,3,Instruction Set and Pipelining,"In Computer Organization and Architecture, what does ""Hazard""?",Direct memory access that transfers data between I/O and memory with limited CPU intervention.,A cache property describing how many locations can hold a given memory block.,The processor component that performs arithmetic and logical operations.,A condition that prevents the next pipeline operation from executing in its intended cycle.,D,1,Hard,Analyze,CO3,"preloaded,computer-organization-and-architecture,instruction-set-and-pipelining"
Computer Organization and Architecture,B.Tech CSE/IT,4,Memory Hierarchy,"Which description best matches ""Cache""?",A cache property describing how many locations can hold a given memory block.,Direct memory access that transfers data between I/O and memory with limited CPU intervention.,Small fast memory that stores recently or frequently used data.,A code representing each decimal digit separately in binary.,C,1,Easy,Remember,CO4,"preloaded,computer-organization-and-architecture,memory-hierarchy"
Computer Organization and Architecture,B.Tech CSE/IT,4,Memory Hierarchy,"Which term is best described as: ""The tendency of programs to reuse data or access nearby addresses.""",Pipeline,Hazard,ALU,Locality,D,1,Medium,Understand,CO4,"preloaded,computer-organization-and-architecture,memory-hierarchy"
Computer Organization and Architecture,B.Tech CSE/IT,4,Memory Hierarchy,"In Computer Organization and Architecture, what does ""Associativity""?",A cache property describing how many locations can hold a given memory block.,The processor component that performs arithmetic and logical operations.,The tendency of programs to reuse data or access nearby addresses.,A code representing each decimal digit separately in binary.,A,1,Hard,Analyze,CO4,"preloaded,computer-organization-and-architecture,memory-hierarchy"
Computer Organization and Architecture,B.Tech CSE/IT,5,I/O and Multiprocessors,"Which description best matches ""DMA""?",A cache property describing how many locations can hold a given memory block.,Direct memory access that transfers data between I/O and memory with limited CPU intervention.,"Small, fast storage located inside or very close to the CPU.","The sequence of steps used to fetch, decode and execute an instruction.",B,1,Easy,Remember,CO5,"preloaded,computer-organization-and-architecture,i-o-and-multiprocessors"
Computer Organization and Architecture,B.Tech CSE/IT,5,I/O and Multiprocessors,"Which term is best described as: ""A signal that causes the CPU to suspend normal flow and execute a handler.""",DMA,Interrupt,Two's complement,Multicore processor,B,1,Medium,Understand,CO5,"preloaded,computer-organization-and-architecture,i-o-and-multiprocessors"
Computer Organization and Architecture,B.Tech CSE/IT,5,I/O and Multiprocessors,"In Computer Organization and Architecture, what does ""Multicore processor""?",Small fast memory that stores recently or frequently used data.,Direct memory access that transfers data between I/O and memory with limited CPU intervention.,A processor package containing multiple execution cores.,A signal that causes the CPU to suspend normal flow and execute a handler.,C,1,Hard,Analyze,CO5,"preloaded,computer-organization-and-architecture,i-o-and-multiprocessors"
Discrete Mathematics,B.Tech CSE/IT,1,Logic and Proof,"Which description best matches ""Proposition""?","A set with an associative binary operation, identity and inverses, closed under the operation.",A declarative statement that is either true or false.,A path that uses every edge exactly once.,A selection of objects where order does not matter.,B,1,Easy,Remember,CO1,"preloaded,discrete-mathematics,logic-and-proof"
Discrete Mathematics,B.Tech CSE/IT,1,Logic and Proof,"Which term is best described as: ""For P implies Q, the logically equivalent statement not Q implies not P.""",Permutation,Group,Contrapositive,Ring,C,1,Medium,Understand,CO1,"preloaded,discrete-mathematics,logic-and-proof"
Discrete Mathematics,B.Tech CSE/IT,1,Logic and Proof,"In Discrete Mathematics, what does ""Mathematical induction""?","A set with an associative binary operation, identity and inverses, closed under the operation.",A proof technique establishing a base case and an inductive step.,"For P implies Q, the logically equivalent statement not Q implies not P.",A well-defined collection of distinct objects.,B,1,Hard,Analyze,CO1,"preloaded,discrete-mathematics,logic-and-proof"
Discrete Mathematics,B.Tech CSE/IT,2,Sets and Relations,"Which description best matches ""Set""?",A connected acyclic subgraph containing all vertices of a connected graph.,"A relation that is reflexive, antisymmetric and transitive.",A well-defined collection of distinct objects.,"A relation that is reflexive, symmetric and transitive.",C,1,Easy,Remember,CO2,"preloaded,discrete-mathematics,sets-and-relations"
Discrete Mathematics,B.Tech CSE/IT,2,Sets and Relations,"Which term is best described as: ""A relation that is reflexive, symmetric and transitive.""",Spanning tree,Hamiltonian cycle,Equivalence relation,Mathematical induction,C,1,Medium,Understand,CO2,"preloaded,discrete-mathematics,sets-and-relations"
Discrete Mathematics,B.Tech CSE/IT,2,Sets and Relations,"In Discrete Mathematics, what does ""Partial order""?","If more objects than containers are distributed among them, at least one container holds multiple objects.","A relation that is reflexive, antisymmetric and transitive.",An algebraic structure with addition and multiplication satisfying ring axioms.,A well-defined collection of distinct objects.,B,1,Hard,Analyze,CO2,"preloaded,discrete-mathematics,sets-and-relations"
Discrete Mathematics,B.Tech CSE/IT,3,Combinatorics,"Which description best matches ""Permutation""?",A cycle that visits every vertex exactly once and returns to the start.,"If more objects than containers are distributed among them, at least one container holds multiple objects.",A declarative statement that is either true or false.,An ordered arrangement of objects.,D,1,Easy,Remember,CO3,"preloaded,discrete-mathematics,combinatorics"
Discrete Mathematics,B.Tech CSE/IT,3,Combinatorics,"Which term is best described as: ""A selection of objects where order does not matter.""",Spanning tree,Contrapositive,Group,Combination,D,1,Medium,Understand,CO3,"preloaded,discrete-mathematics,combinatorics"
Discrete Mathematics,B.Tech CSE/IT,3,Combinatorics,"In Discrete Mathematics, what does ""Pigeonhole principle""?","A relation that is reflexive, symmetric and transitive.","If more objects than containers are distributed among them, at least one container holds multiple objects.",A proof technique establishing a base case and an inductive step.,"For P implies Q, the logically equivalent statement not Q implies not P.",B,1,Hard,Analyze,CO3,"preloaded,discrete-mathematics,combinatorics"
Discrete Mathematics,B.Tech CSE/IT,4,Graph Theory,"Which description best matches ""Euler path""?","If more objects than containers are distributed among them, at least one container holds multiple objects.",A path that uses every edge exactly once.,"An algebraic system with operations such as AND, OR and complement.",An algebraic structure with addition and multiplication satisfying ring axioms.,B,1,Easy,Remember,CO4,"preloaded,discrete-mathematics,graph-theory"
Discrete Mathematics,B.Tech CSE/IT,4,Graph Theory,"Which term is best described as: ""A cycle that visits every vertex exactly once and returns to the start.""",Hamiltonian cycle,Equivalence relation,Partial order,Proposition,A,1,Medium,Understand,CO4,"preloaded,discrete-mathematics,graph-theory"
Discrete Mathematics,B.Tech CSE/IT,4,Graph Theory,"In Discrete Mathematics, what does ""Spanning tree""?",A connected acyclic subgraph containing all vertices of a connected graph.,"An algebraic system with operations such as AND, OR and complement.",A path that uses every edge exactly once.,A cycle that visits every vertex exactly once and returns to the start.,A,1,Hard,Analyze,CO4,"preloaded,discrete-mathematics,graph-theory"
Discrete Mathematics,B.Tech CSE/IT,5,Algebraic Structures,"Which description best matches ""Group""?","A set with an associative binary operation, identity and inverses, closed under the operation.","A relation that is reflexive, antisymmetric and transitive.",A path that uses every edge exactly once.,"For P implies Q, the logically equivalent statement not Q implies not P.",A,1,Easy,Remember,CO5,"preloaded,discrete-mathematics,algebraic-structures"
Discrete Mathematics,B.Tech CSE/IT,5,Algebraic Structures,"Which term is best described as: ""An algebraic structure with addition and multiplication satisfying ring axioms.""",Boolean algebra,Contrapositive,Ring,Proposition,C,1,Medium,Understand,CO5,"preloaded,discrete-mathematics,algebraic-structures"
Discrete Mathematics,B.Tech CSE/IT,5,Algebraic Structures,"In Discrete Mathematics, what does ""Boolean algebra""?","An algebraic system with operations such as AND, OR and complement.","If more objects than containers are distributed among them, at least one container holds multiple objects.","A relation that is reflexive, antisymmetric and transitive.",An ordered arrangement of objects.,A,1,Hard,Analyze,CO5,"preloaded,discrete-mathematics,algebraic-structures"
Theory of Computation,B.Tech CSE/IT,1,Finite Automata,"Which description best matches ""DFA""?",A language recognized by a finite automaton.,A finite automaton that may have multiple possible next states for a state-symbol pair.,A language for which some Turing machine halts on every input and decides membership.,A finite automaton with exactly one transition for each state-symbol pair.,D,1,Easy,Remember,CO1,"preloaded,theory-of-computation,finite-automata"
Theory of Computation,B.Tech CSE/IT,1,Finite Automata,"Which term is best described as: ""A finite automaton that may have multiple possible next states for a state-symbol pair.""",NFA,Decidable language,Context-free grammar,Recognizer,A,1,Medium,Understand,CO1,"preloaded,theory-of-computation,finite-automata"
Theory of Computation,B.Tech CSE/IT,1,Finite Automata,"In Theory of Computation, what does ""Regular language""?",A machine that accepts members of a language but may not halt on nonmembers.,A language recognized by a finite automaton.,"An automaton with a stack, equivalent in expressive power to context-free grammars.",A property used mainly to prove that certain languages are not regular.,B,1,Hard,Analyze,CO1,"preloaded,theory-of-computation,finite-automata"
Theory of Computation,B.Tech CSE/IT,2,Regular Expressions,"Which description best matches ""Regular expression""?",A property used mainly to prove that certain languages are not regular.,An algebraic notation for describing regular languages.,A grammar for which some string has more than one distinct parse tree.,A decision problem for which no algorithm can always halt and return the correct answer.,B,1,Easy,Remember,CO2,"preloaded,theory-of-computation,regular-expressions"
Theory of Computation,B.Tech CSE/IT,2,Regular Expressions,"Which term is best described as: ""An operation denoting zero or more concatenations of strings from a language.""",Kleene star,Ambiguous grammar,Recognizer,Pushdown automaton,A,1,Medium,Understand,CO2,"preloaded,theory-of-computation,regular-expressions"
Theory of Computation,B.Tech CSE/IT,2,Regular Expressions,"In Theory of Computation, what does ""Pumping lemma for regular languages""?","An automaton with a stack, equivalent in expressive power to context-free grammars.",A property used mainly to prove that certain languages are not regular.,A decision problem for which no algorithm can always halt and return the correct answer.,An operation denoting zero or more concatenations of strings from a language.,B,1,Hard,Analyze,CO2,"preloaded,theory-of-computation,regular-expressions"
Theory of Computation,B.Tech CSE/IT,3,Context-Free Grammars,"Which description best matches ""Context-free grammar""?",An algebraic notation for describing regular languages.,The problem of deciding whether an arbitrary program halts on a given input.,A grammar whose productions have a single nonterminal on the left side.,A transformation showing that solving one problem would allow another problem to be solved.,C,1,Easy,Remember,CO3,"preloaded,theory-of-computation,context-free-grammars"
Theory of Computation,B.Tech CSE/IT,3,Context-Free Grammars,"Which term is best described as: ""An automaton with a stack, equivalent in expressive power to context-free grammars.""",DFA,Decidable language,Pushdown automaton,Pumping lemma for regular languages,C,1,Medium,Understand,CO3,"preloaded,theory-of-computation,context-free-grammars"
Theory of Computation,B.Tech CSE/IT,3,Context-Free Grammars,"In Theory of Computation, what does ""Ambiguous grammar""?",A finite automaton with exactly one transition for each state-symbol pair.,A grammar whose productions have a single nonterminal on the left side.,A grammar for which some string has more than one distinct parse tree.,A language recognized by a finite automaton.,C,1,Hard,Analyze,CO3,"preloaded,theory-of-computation,context-free-grammars"
Theory of Computation,B.Tech CSE/IT,4,Turing Machines,"Which description best matches ""Turing machine""?",A grammar for which some string has more than one distinct parse tree.,A language for which some Turing machine halts on every input and decides membership.,An abstract computational model with a finite control and an unbounded tape.,The problem of deciding whether an arbitrary program halts on a given input.,C,1,Easy,Remember,CO4,"preloaded,theory-of-computation,turing-machines"
Theory of Computation,B.Tech CSE/IT,4,Turing Machines,"Which term is best described as: ""A language for which some Turing machine halts on every input and decides membership.""",NFA,Decidable language,Kleene star,Recognizer,B,1,Medium,Understand,CO4,"preloaded,theory-of-computation,turing-machines"
Theory of Computation,B.Tech CSE/IT,4,Turing Machines,"In Theory of Computation, what does ""Recognizer""?",The problem of deciding whether an arbitrary program halts on a given input.,"An automaton with a stack, equivalent in expressive power to context-free grammars.",A machine that accepts members of a language but may not halt on nonmembers.,A finite automaton that may have multiple possible next states for a state-symbol pair.,C,1,Hard,Analyze,CO4,"preloaded,theory-of-computation,turing-machines"
Theory of Computation,B.Tech CSE/IT,5,Computability,"Which description best matches ""Halting problem""?",An abstract computational model with a finite control and an unbounded tape.,A finite automaton that may have multiple possible next states for a state-symbol pair.,The problem of deciding whether an arbitrary program halts on a given input.,A language for which some Turing machine halts on every input and decides membership.,C,1,Easy,Remember,CO5,"preloaded,theory-of-computation,computability"
Theory of Computation,B.Tech CSE/IT,5,Computability,"Which term is best described as: ""A transformation showing that solving one problem would allow another problem to be solved.""",Reduction,NFA,Pushdown automaton,Recognizer,A,1,Medium,Understand,CO5,"preloaded,theory-of-computation,computability"
Theory of Computation,B.Tech CSE/IT,5,Computability,"In Theory of Computation, what does ""Undecidable problem""?",A grammar whose productions have a single nonterminal on the left side.,The problem of deciding whether an arbitrary program halts on a given input.,A transformation showing that solving one problem would allow another problem to be solved.,A decision problem for which no algorithm can always halt and return the correct answer.,D,1,Hard,Analyze,CO5,"preloaded,theory-of-computation,computability"
Compiler Design,B.Tech CSE/IT,1,Lexical Analysis,"Which description best matches ""Token""?",A tree representation of the grammatical derivation of an input.,"A structure storing information about identifiers such as names, types and scope.",A top-down parser that reads input left-to-right and constructs a leftmost derivation.,A categorized unit produced by lexical analysis.,D,1,Easy,Remember,CO1,"preloaded,compiler-design,lexical-analysis"
Compiler Design,B.Tech CSE/IT,1,Lexical Analysis,"Which term is best described as: ""The actual character sequence in source code matching a token pattern.""",Basic block,Lexeme,Scope analysis,Parse tree,B,1,Medium,Understand,CO1,"preloaded,compiler-design,lexical-analysis"
Compiler Design,B.Tech CSE/IT,1,Lexical Analysis,"In Compiler Design, what does ""Lexer""?",A top-down parser that reads input left-to-right and constructs a leftmost derivation.,A categorized unit produced by lexical analysis.,"A structure storing information about identifiers such as names, types and scope.",The compiler phase that converts source characters into tokens.,D,1,Hard,Analyze,CO1,"preloaded,compiler-design,lexical-analysis"
Compiler Design,B.Tech CSE/IT,2,Syntax Analysis,"Which description best matches ""Parser""?",The compiler phase that checks token sequences against grammar rules.,Machine or assembly code produced for the destination architecture.,The actual character sequence in source code matching a token pattern.,"A structure storing information about identifiers such as names, types and scope.",A,1,Easy,Remember,CO2,"preloaded,compiler-design,syntax-analysis"
Compiler Design,B.Tech CSE/IT,2,Syntax Analysis,"Which term is best described as: ""A tree representation of the grammatical derivation of an input.""",Register allocation,Parser,Parse tree,Common subexpression elimination,C,1,Medium,Understand,CO2,"preloaded,compiler-design,syntax-analysis"
Compiler Design,B.Tech CSE/IT,2,Syntax Analysis,"In Compiler Design, what does ""LL parser""?",A straight-line sequence of instructions with one entry and one exit.,A top-down parser that reads input left-to-right and constructs a leftmost derivation.,The compiler phase that converts source characters into tokens.,The compiler phase that checks token sequences against grammar rules.,B,1,Hard,Analyze,CO2,"preloaded,compiler-design,syntax-analysis"
Compiler Design,B.Tech CSE/IT,3,Semantic Analysis,"Which description best matches ""Symbol table""?",A categorized unit produced by lexical analysis.,"A structure storing information about identifiers such as names, types and scope.",The compiler phase that checks token sequences against grammar rules.,A top-down parser that reads input left-to-right and constructs a leftmost derivation.,B,1,Easy,Remember,CO3,"preloaded,compiler-design,semantic-analysis"
Compiler Design,B.Tech CSE/IT,3,Semantic Analysis,"Which term is best described as: ""Verification that operations are applied to compatible data types.""",Basic block,Type checking,Parser,Symbol table,B,1,Medium,Understand,CO3,"preloaded,compiler-design,semantic-analysis"
Compiler Design,B.Tech CSE/IT,3,Semantic Analysis,"In Compiler Design, what does ""Scope analysis""?",A top-down parser that reads input left-to-right and constructs a leftmost derivation.,An optimization that avoids recomputing an expression whose value is already available.,Determination of which declaration each identifier use refers to.,Choosing target-machine instructions to implement intermediate operations.,C,1,Hard,Analyze,CO3,"preloaded,compiler-design,semantic-analysis"
Compiler Design,B.Tech CSE/IT,4,Intermediate Code and Optimization,"Which description best matches ""Three-address code""?",A tree representation of the grammatical derivation of an input.,An intermediate representation in which instructions typically have at most three addresses.,An optimization that avoids recomputing an expression whose value is already available.,Choosing target-machine instructions to implement intermediate operations.,B,1,Easy,Remember,CO4,"preloaded,compiler-design,intermediate-code-and-optimization"
Compiler Design,B.Tech CSE/IT,4,Intermediate Code and Optimization,"Which term is best described as: ""A straight-line sequence of instructions with one entry and one exit.""",Scope analysis,Symbol table,Basic block,Token,C,1,Medium,Understand,CO4,"preloaded,compiler-design,intermediate-code-and-optimization"
Compiler Design,B.Tech CSE/IT,4,Intermediate Code and Optimization,"In Compiler Design, what does ""Common subexpression elimination""?",An intermediate representation in which instructions typically have at most three addresses.,A tree representation of the grammatical derivation of an input.,The compiler phase that converts source characters into tokens.,An optimization that avoids recomputing an expression whose value is already available.,D,1,Hard,Analyze,CO4,"preloaded,compiler-design,intermediate-code-and-optimization"
Compiler Design,B.Tech CSE/IT,5,Code Generation,"Which description best matches ""Register allocation""?",Assignment of program values to a limited set of machine registers.,An optimization that avoids recomputing an expression whose value is already available.,A tree representation of the grammatical derivation of an input.,A categorized unit produced by lexical analysis.,A,1,Easy,Remember,CO5,"preloaded,compiler-design,code-generation"
Compiler Design,B.Tech CSE/IT,5,Code Generation,"Which term is best described as: ""Machine or assembly code produced for the destination architecture.""",Target code,Symbol table,Lexer,Scope analysis,A,1,Medium,Understand,CO5,"preloaded,compiler-design,code-generation"
Compiler Design,B.Tech CSE/IT,5,Code Generation,"In Compiler Design, what does ""Instruction selection""?",Verification that operations are applied to compatible data types.,The actual character sequence in source code matching a token pattern.,A categorized unit produced by lexical analysis.,Choosing target-machine instructions to implement intermediate operations.,D,1,Hard,Analyze,CO5,"preloaded,compiler-design,code-generation"
Web Technology,B.Tech CSE/IT,1,HTML and Web Foundations,"Which description best matches ""HTML""?",A markup language used to structure web documents.,A style-sheet language used to control presentation of web content.,A programming interface representing an HTML document as objects.,A lightweight text format for structured data exchange.,A,1,Easy,Remember,CO1,"preloaded,web-technology,html-and-web-foundations"
Web Technology,B.Tech CSE/IT,1,HTML and Web Foundations,"Which term is best described as: ""A uniform resource locator identifying the location of a resource.""",URL,DOM,CSS,Event,A,1,Medium,Understand,CO1,"preloaded,web-technology,html-and-web-foundations"
Web Technology,B.Tech CSE/IT,1,HTML and Web Foundations,"In Web Technology, what does ""Semantic element""?",An HTML element whose name conveys the meaning of its content.,A vulnerability in which untrusted script content executes in a user's browser.,A lightweight text format for structured data exchange.,A style-sheet language used to control presentation of web content.,A,1,Hard,Analyze,CO1,"preloaded,web-technology,html-and-web-foundations"
Web Technology,B.Tech CSE/IT,2,CSS and Responsive Design,"Which description best matches ""CSS""?",A lightweight text format for structured data exchange.,A style-sheet language used to control presentation of web content.,An HTML element whose name conveys the meaning of its content.,A JavaScript object representing eventual completion or failure of an asynchronous operation.,B,1,Easy,Remember,CO2,"preloaded,web-technology,css-and-responsive-design"
Web Technology,B.Tech CSE/IT,2,CSS and Responsive Design,"Which term is best described as: ""A CSS feature that applies styles based on device or viewport characteristics.""",Promise,JSON,Flexbox,Media query,D,1,Medium,Understand,CO2,"preloaded,web-technology,css-and-responsive-design"
Web Technology,B.Tech CSE/IT,2,CSS and Responsive Design,"In Web Technology, what does ""Flexbox""?",An architectural style that models application data as resources manipulated with standard HTTP semantics.,A one-dimensional CSS layout model for arranging items along rows or columns.,An HTML element whose name conveys the meaning of its content.,An attack that tricks an authenticated browser into sending an unintended request.,B,1,Hard,Analyze,CO2,"preloaded,web-technology,css-and-responsive-design"
Web Technology,B.Tech CSE/IT,3,JavaScript,"Which description best matches ""DOM""?",A uniform resource locator identifying the location of a resource.,An architectural style that models application data as resources manipulated with standard HTTP semantics.,A programming interface representing an HTML document as objects.,A CSS feature that applies styles based on device or viewport characteristics.,C,1,Easy,Remember,CO3,"preloaded,web-technology,javascript"
Web Technology,B.Tech CSE/IT,3,JavaScript,"Which term is best described as: ""A browser occurrence such as a click or key press that code can handle.""",HTTPS,Event,XSS,Semantic element,B,1,Medium,Understand,CO3,"preloaded,web-technology,javascript"
Web Technology,B.Tech CSE/IT,3,JavaScript,"In Web Technology, what does ""Promise""?",A client message asking a server to perform an operation on a resource.,An HTML element whose name conveys the meaning of its content.,A lightweight text format for structured data exchange.,A JavaScript object representing eventual completion or failure of an asynchronous operation.,D,1,Hard,Analyze,CO3,"preloaded,web-technology,javascript"
Web Technology,B.Tech CSE/IT,4,HTTP and APIs,"Which description best matches ""HTTP request""?",A programming interface representing an HTML document as objects.,A style-sheet language used to control presentation of web content.,An attack that tricks an authenticated browser into sending an unintended request.,A client message asking a server to perform an operation on a resource.,D,1,Easy,Remember,CO4,"preloaded,web-technology,http-and-apis"
Web Technology,B.Tech CSE/IT,4,HTTP and APIs,"Which term is best described as: ""An architectural style that models application data as resources manipulated with standard HTTP semantics.""",HTTPS,Flexbox,URL,REST,D,1,Medium,Understand,CO4,"preloaded,web-technology,http-and-apis"
Web Technology,B.Tech CSE/IT,4,HTTP and APIs,"In Web Technology, what does ""JSON""?",A lightweight text format for structured data exchange.,A programming interface representing an HTML document as objects.,A client message asking a server to perform an operation on a resource.,HTTP carried over TLS to provide encrypted and authenticated transport.,A,1,Hard,Analyze,CO4,"preloaded,web-technology,http-and-apis"
Web Technology,B.Tech CSE/IT,5,Web Security and Deployment,"Which description best matches ""XSS""?",A vulnerability in which untrusted script content executes in a user's browser.,A style-sheet language used to control presentation of web content.,A lightweight text format for structured data exchange.,HTTP carried over TLS to provide encrypted and authenticated transport.,A,1,Easy,Remember,CO5,"preloaded,web-technology,web-security-and-deployment"
Web Technology,B.Tech CSE/IT,5,Web Security and Deployment,"Which term is best described as: ""An attack that tricks an authenticated browser into sending an unintended request.""",CSRF,JSON,Flexbox,HTTP request,A,1,Medium,Understand,CO5,"preloaded,web-technology,web-security-and-deployment"
Web Technology,B.Tech CSE/IT,5,Web Security and Deployment,"In Web Technology, what does ""HTTPS""?",HTTP carried over TLS to provide encrypted and authenticated transport.,A client message asking a server to perform an operation on a resource.,An attack that tricks an authenticated browser into sending an unintended request.,A uniform resource locator identifying the location of a resource.,A,1,Hard,Analyze,CO5,"preloaded,web-technology,web-security-and-deployment"
Mobile Application Development,B.Tech CSE/IT,1,Android Fundamentals,"Which description best matches ""Activity""?",A lifecycle callback used for initial activity setup.,The build automation system commonly used to configure and build Android projects.,A layout that positions views using relationships and constraints.,An Android component representing a focused screen-level interaction.,D,1,Easy,Remember,CO1,"preloaded,mobile-application-development,android-fundamentals"
Mobile Application Development,B.Tech CSE/IT,1,Android Fundamentals,"Which term is best described as: ""The configuration file that declares app components, permissions and other metadata.""",Gradle,Activity,Intent,AndroidManifest.xml,D,1,Medium,Understand,CO1,"preloaded,mobile-application-development,android-fundamentals"
Mobile Application Development,B.Tech CSE/IT,1,Android Fundamentals,"In Mobile Application Development, what does ""Gradle""?",An Android application package used to distribute and install an Android app.,A layout that positions views using relationships and constraints.,The build automation system commonly used to configure and build Android projects.,A container that holds and arranges child views.,C,1,Hard,Analyze,CO1,"preloaded,mobile-application-development,android-fundamentals"
Mobile Application Development,B.Tech CSE/IT,2,User Interface and Layouts,"Which description best matches ""View""?",A messaging object used to request an action from another Android component.,A basic Android UI element that occupies a rectangular area and handles drawing or interaction.,A web service interface commonly accessed by mobile apps over HTTP.,A lifecycle callback invoked when an activity is losing foreground focus.,B,1,Easy,Remember,CO2,"preloaded,mobile-application-development,user-interface-and-layouts"
Mobile Application Development,B.Tech CSE/IT,2,User Interface and Layouts,"Which term is best described as: ""A container that holds and arranges child views.""",APK,Service,ViewGroup,View,C,1,Medium,Understand,CO2,"preloaded,mobile-application-development,user-interface-and-layouts"
Mobile Application Development,B.Tech CSE/IT,2,User Interface and Layouts,"In Mobile Application Development, what does ""ConstraintLayout""?",A layout that positions views using relationships and constraints.,A web service interface commonly accessed by mobile apps over HTTP.,"The configuration file that declares app components, permissions and other metadata.",A lightweight key-value storage mechanism for simple app preferences.,A,1,Hard,Analyze,CO2,"preloaded,mobile-application-development,user-interface-and-layouts"
Mobile Application Development,B.Tech CSE/IT,3,Activity Lifecycle and Intents,"Which description best matches ""onCreate""?",An Android component intended for longer-running work without a user interface.,An Android component representing a focused screen-level interaction.,A basic Android UI element that occupies a rectangular area and handles drawing or interaction.,A lifecycle callback used for initial activity setup.,D,1,Easy,Remember,CO3,"preloaded,mobile-application-development,activity-lifecycle-and-intents"
Mobile Application Development,B.Tech CSE/IT,3,Activity Lifecycle and Intents,"Which term is best described as: ""A messaging object used to request an action from another Android component.""",Intent,ConstraintLayout,SharedPreferences,Gradle,A,1,Medium,Understand,CO3,"preloaded,mobile-application-development,activity-lifecycle-and-intents"
Mobile Application Development,B.Tech CSE/IT,3,Activity Lifecycle and Intents,"In Mobile Application Development, what does ""onPause""?",A web service interface commonly accessed by mobile apps over HTTP.,A lifecycle callback invoked when an activity is losing foreground focus.,A layout that positions views using relationships and constraints.,The build automation system commonly used to configure and build Android projects.,B,1,Hard,Analyze,CO3,"preloaded,mobile-application-development,activity-lifecycle-and-intents"
Mobile Application Development,B.Tech CSE/IT,4,Data and Networking,"Which description best matches ""SharedPreferences""?",A messaging object used to request an action from another Android component.,A layout that positions views using relationships and constraints.,A component that responds to broadcast messages.,A lightweight key-value storage mechanism for simple app preferences.,D,1,Easy,Remember,CO4,"preloaded,mobile-application-development,data-and-networking"
Mobile Application Development,B.Tech CSE/IT,4,Data and Networking,"Which term is best described as: ""An embedded relational database engine available for local storage.""",View,SQLite,onPause,onCreate,B,1,Medium,Understand,CO4,"preloaded,mobile-application-development,data-and-networking"
Mobile Application Development,B.Tech CSE/IT,4,Data and Networking,"In Mobile Application Development, what does ""REST API""?",An Android component intended for longer-running work without a user interface.,A web service interface commonly accessed by mobile apps over HTTP.,"The configuration file that declares app components, permissions and other metadata.",An Android application package used to distribute and install an Android app.,B,1,Hard,Analyze,CO4,"preloaded,mobile-application-development,data-and-networking"
Mobile Application Development,B.Tech CSE/IT,5,Services and Deployment,"Which description best matches ""Service""?",A layout that positions views using relationships and constraints.,A lifecycle callback used for initial activity setup.,A component that responds to broadcast messages.,An Android component intended for longer-running work without a user interface.,D,1,Easy,Remember,CO5,"preloaded,mobile-application-development,services-and-deployment"
Mobile Application Development,B.Tech CSE/IT,5,Services and Deployment,"Which term is best described as: ""A component that responds to broadcast messages.""",BroadcastReceiver,ConstraintLayout,onCreate,Gradle,A,1,Medium,Understand,CO5,"preloaded,mobile-application-development,services-and-deployment"
Mobile Application Development,B.Tech CSE/IT,5,Services and Deployment,"In Mobile Application Development, what does ""APK""?",An embedded relational database engine available for local storage.,A messaging object used to request an action from another Android component.,An Android application package used to distribute and install an Android app.,An Android component intended for longer-running work without a user interface.,C,1,Hard,Analyze,CO5,"preloaded,mobile-application-development,services-and-deployment"
Cloud Computing,B.Tech CSE/IT,1,Cloud Fundamentals,"Which description best matches ""Cloud computing""?",Cloud resource usage that is monitored and metered.,On-demand access to shared configurable computing resources delivered as services.,A database service where the provider handles much of the operational administration.,A service that distributes incoming traffic across multiple backend resources.,B,1,Easy,Remember,CO1,"preloaded,cloud-computing,cloud-fundamentals"
Cloud Computing,B.Tech CSE/IT,1,Cloud Fundamentals,"Which term is best described as: ""The ability to scale resources up or down in response to demand.""",Virtual machine,SaaS,Elasticity,IaaS,C,1,Medium,Understand,CO1,"preloaded,cloud-computing,cloud-fundamentals"
Cloud Computing,B.Tech CSE/IT,1,Cloud Fundamentals,"In Cloud Computing, what does ""Measured service""?",Storage that manages data as objects in a flat namespace with metadata.,Cloud resource usage that is monitored and metered.,An isolated location within a cloud region designed to improve fault tolerance.,A service that distributes incoming traffic across multiple backend resources.,B,1,Hard,Analyze,CO1,"preloaded,cloud-computing,cloud-fundamentals"
Cloud Computing,B.Tech CSE/IT,2,Service Models,"Which description best matches ""IaaS""?",A service that distributes incoming traffic across multiple backend resources.,The ability to scale resources up or down in response to demand.,Software or firmware that creates and manages virtual machines.,"A cloud model providing virtualized compute, storage and networking resources.",D,1,Easy,Remember,CO2,"preloaded,cloud-computing,service-models"
Cloud Computing,B.Tech CSE/IT,2,Service Models,"Which term is best described as: ""A cloud model providing a managed platform for developing and deploying applications.""",Object storage,Hypervisor,PaaS,Virtual machine,C,1,Medium,Understand,CO2,"preloaded,cloud-computing,service-models"
Cloud Computing,B.Tech CSE/IT,2,Service Models,"In Cloud Computing, what does ""SaaS""?",Cloud resource usage that is monitored and metered.,An isolated location within a cloud region designed to improve fault tolerance.,A service that distributes incoming traffic across multiple backend resources.,A cloud model delivering complete applications over a network.,D,1,Hard,Analyze,CO2,"preloaded,cloud-computing,service-models"
Cloud Computing,B.Tech CSE/IT,3,Virtualization and Containers,"Which description best matches ""Virtual machine""?",Storage that manages data as objects in a flat namespace with metadata.,A cloud model delivering complete applications over a network.,An isolated application environment that shares the host operating-system kernel.,A software-defined computer running a guest operating system on virtualized hardware.,D,1,Easy,Remember,CO3,"preloaded,cloud-computing,virtualization-and-containers"
Cloud Computing,B.Tech CSE/IT,3,Virtualization and Containers,"Which term is best described as: ""Software or firmware that creates and manages virtual machines.""",Cloud computing,Availability zone,Virtual machine,Hypervisor,D,1,Medium,Understand,CO3,"preloaded,cloud-computing,virtualization-and-containers"
Cloud Computing,B.Tech CSE/IT,3,Virtualization and Containers,"In Cloud Computing, what does ""Container""?",Storage presented as raw addressable blocks commonly attached to virtual machines.,An isolated application environment that shares the host operating-system kernel.,Cloud resource usage that is monitored and metered.,On-demand access to shared configurable computing resources delivered as services.,B,1,Hard,Analyze,CO3,"preloaded,cloud-computing,virtualization-and-containers"
Cloud Computing,B.Tech CSE/IT,4,Cloud Storage and Databases,"Which description best matches ""Object storage""?",On-demand access to shared configurable computing resources delivered as services.,"A cloud model providing virtualized compute, storage and networking resources.",Storage that manages data as objects in a flat namespace with metadata.,Software or firmware that creates and manages virtual machines.,C,1,Easy,Remember,CO4,"preloaded,cloud-computing,cloud-storage-and-databases"
Cloud Computing,B.Tech CSE/IT,4,Cloud Storage and Databases,"Which term is best described as: ""Storage presented as raw addressable blocks commonly attached to virtual machines.""",Container,Availability zone,Block storage,Object storage,C,1,Medium,Understand,CO4,"preloaded,cloud-computing,cloud-storage-and-databases"
Cloud Computing,B.Tech CSE/IT,4,Cloud Storage and Databases,"In Cloud Computing, what does ""Managed database""?",The ability to scale resources up or down in response to demand.,A security model dividing responsibilities between the cloud provider and customer.,Software or firmware that creates and manages virtual machines.,A database service where the provider handles much of the operational administration.,D,1,Hard,Analyze,CO4,"preloaded,cloud-computing,cloud-storage-and-databases"
Cloud Computing,B.Tech CSE/IT,5,Cloud Security and Architecture,"Which description best matches ""Shared responsibility model""?",Storage presented as raw addressable blocks commonly attached to virtual machines.,An isolated location within a cloud region designed to improve fault tolerance.,A security model dividing responsibilities between the cloud provider and customer.,A software-defined computer running a guest operating system on virtualized hardware.,C,1,Easy,Remember,CO5,"preloaded,cloud-computing,cloud-security-and-architecture"
Cloud Computing,B.Tech CSE/IT,5,Cloud Security and Architecture,"Which term is best described as: ""An isolated location within a cloud region designed to improve fault tolerance.""",PaaS,Shared responsibility model,Object storage,Availability zone,D,1,Medium,Understand,CO5,"preloaded,cloud-computing,cloud-security-and-architecture"
Cloud Computing,B.Tech CSE/IT,5,Cloud Security and Architecture,"In Cloud Computing, what does ""Load balancer""?",Storage that manages data as objects in a flat namespace with metadata.,A service that distributes incoming traffic across multiple backend resources.,"A cloud model providing virtualized compute, storage and networking resources.",A software-defined computer running a guest operating system on virtualized hardware.,B,1,Hard,Analyze,CO5,"preloaded,cloud-computing,cloud-security-and-architecture"
Artificial Intelligence,B.Tech CSE/IT,1,AI Foundations and Agents,"Which description best matches ""Artificial intelligence""?",The study of systems that perform tasks requiring aspects of intelligent behavior.,A best-first search using path cost plus a heuristic estimate.,A directed acyclic graph representing conditional probabilistic dependencies.,A formal system using propositions and logical connectives.,A,1,Easy,Remember,CO1,"preloaded,artificial-intelligence,ai-foundations-and-agents"
Artificial Intelligence,B.Tech CSE/IT,1,AI Foundations and Agents,"Which term is best described as: ""An agent that chooses actions expected to maximize its performance measure.""",Environment,Planning,Utility,Rational agent,D,1,Medium,Understand,CO1,"preloaded,artificial-intelligence,ai-foundations-and-agents"
Artificial Intelligence,B.Tech CSE/IT,1,AI Foundations and Agents,"In Artificial Intelligence, what does ""Environment""?",The external context an intelligent agent senses and acts upon.,The study of systems that perform tasks requiring aspects of intelligent behavior.,An agent that chooses actions expected to maximize its performance measure.,The process of deriving new conclusions from represented knowledge.,A,1,Hard,Analyze,CO1,"preloaded,artificial-intelligence,ai-foundations-and-agents"
Artificial Intelligence,B.Tech CSE/IT,2,Search,"Which description best matches ""Breadth-first search""?",The study of systems that perform tasks requiring aspects of intelligent behavior.,An uninformed search that expands shallowest nodes first.,A directed acyclic graph representing conditional probabilistic dependencies.,The process of deriving new conclusions from represented knowledge.,B,1,Easy,Remember,CO2,"preloaded,artificial-intelligence,search"
Artificial Intelligence,B.Tech CSE/IT,2,Search,"Which term is best described as: ""A best-first search using path cost plus a heuristic estimate.""",Natural language processing,A* search,Artificial intelligence,Environment,B,1,Medium,Understand,CO2,"preloaded,artificial-intelligence,search"
Artificial Intelligence,B.Tech CSE/IT,2,Search,"In Artificial Intelligence, what does ""Heuristic""?",Selecting a sequence of actions to achieve goals from an initial state.,An estimate used to guide search toward promising states.,The external context an intelligent agent senses and acts upon.,A knowledge-based system designed to emulate decision-making in a narrow domain.,B,1,Hard,Analyze,CO2,"preloaded,artificial-intelligence,search"
Artificial Intelligence,B.Tech CSE/IT,3,Knowledge Representation,"Which description best matches ""Propositional logic""?",A formal system using propositions and logical connectives.,A directed acyclic graph representing conditional probabilistic dependencies.,A numerical representation of preference over outcomes.,The study of systems that perform tasks requiring aspects of intelligent behavior.,A,1,Easy,Remember,CO3,"preloaded,artificial-intelligence,knowledge-representation"
Artificial Intelligence,B.Tech CSE/IT,3,Knowledge Representation,"Which term is best described as: ""A logic that represents objects, predicates, variables and quantification.""",Rational agent,First-order logic,Bayesian network,Artificial intelligence,B,1,Medium,Understand,CO3,"preloaded,artificial-intelligence,knowledge-representation"
Artificial Intelligence,B.Tech CSE/IT,3,Knowledge Representation,"In Artificial Intelligence, what does ""Inference""?",A directed acyclic graph representing conditional probabilistic dependencies.,An agent that chooses actions expected to maximize its performance measure.,Computational techniques for analyzing and generating human language.,The process of deriving new conclusions from represented knowledge.,D,1,Hard,Analyze,CO3,"preloaded,artificial-intelligence,knowledge-representation"
Artificial Intelligence,B.Tech CSE/IT,4,Planning and Uncertainty,"Which description best matches ""Planning""?",Selecting a sequence of actions to achieve goals from an initial state.,Computational methods for extracting information from images or video.,A best-first search using path cost plus a heuristic estimate.,Computational techniques for analyzing and generating human language.,A,1,Easy,Remember,CO4,"preloaded,artificial-intelligence,planning-and-uncertainty"
Artificial Intelligence,B.Tech CSE/IT,4,Planning and Uncertainty,"Which term is best described as: ""A directed acyclic graph representing conditional probabilistic dependencies.""",Bayesian network,Utility,First-order logic,Inference,A,1,Medium,Understand,CO4,"preloaded,artificial-intelligence,planning-and-uncertainty"
Artificial Intelligence,B.Tech CSE/IT,4,Planning and Uncertainty,"In Artificial Intelligence, what does ""Utility""?",A numerical representation of preference over outcomes.,A knowledge-based system designed to emulate decision-making in a narrow domain.,An uninformed search that expands shallowest nodes first.,A best-first search using path cost plus a heuristic estimate.,A,1,Hard,Analyze,CO4,"preloaded,artificial-intelligence,planning-and-uncertainty"
Artificial Intelligence,B.Tech CSE/IT,5,AI Applications,"Which description best matches ""Expert system""?",A knowledge-based system designed to emulate decision-making in a narrow domain.,An agent that chooses actions expected to maximize its performance measure.,A best-first search using path cost plus a heuristic estimate.,Computational methods for extracting information from images or video.,A,1,Easy,Remember,CO5,"preloaded,artificial-intelligence,ai-applications"
Artificial Intelligence,B.Tech CSE/IT,5,AI Applications,"Which term is best described as: ""Computational techniques for analyzing and generating human language.""",Expert system,Natural language processing,Artificial intelligence,Bayesian network,B,1,Medium,Understand,CO5,"preloaded,artificial-intelligence,ai-applications"
Artificial Intelligence,B.Tech CSE/IT,5,AI Applications,"In Artificial Intelligence, what does ""Computer vision""?",A knowledge-based system designed to emulate decision-making in a narrow domain.,The study of systems that perform tasks requiring aspects of intelligent behavior.,Computational techniques for analyzing and generating human language.,Computational methods for extracting information from images or video.,D,1,Hard,Analyze,CO5,"preloaded,artificial-intelligence,ai-applications"
Machine Learning,B.Tech CSE/IT,1,ML Fundamentals,"Which description best matches ""Supervised learning""?",The fraction of predicted positives that are actually positive.,Learning a mapping from inputs to labeled targets.,A dimensionality-reduction technique based on orthogonal directions of maximum variance.,Discovering structure in data without labeled target outputs.,B,1,Easy,Remember,CO1,"preloaded,machine-learning,ml-fundamentals"
Machine Learning,B.Tech CSE/IT,1,ML Fundamentals,"Which term is best described as: ""Discovering structure in data without labeled target outputs.""",Unsupervised learning,Supervised learning,Epoch,Recall,A,1,Medium,Understand,CO1,"preloaded,machine-learning,ml-fundamentals"
Machine Learning,B.Tech CSE/IT,1,ML Fundamentals,"In Machine Learning, what does ""Feature""?",A method for computing gradients through a neural network.,Separating data into subsets for fitting and evaluating a model.,The fraction of actual positives that are correctly identified.,An input variable used by a machine-learning model.,D,1,Hard,Analyze,CO1,"preloaded,machine-learning,ml-fundamentals"
Machine Learning,B.Tech CSE/IT,2,Regression and Classification,"Which description best matches ""Linear regression""?",Grouping similar observations without predefined class labels.,The fraction of predicted positives that are actually positive.,An input variable used by a machine-learning model.,A model that predicts a continuous target using a linear combination of features.,D,1,Easy,Remember,CO2,"preloaded,machine-learning,regression-and-classification"
Machine Learning,B.Tech CSE/IT,2,Regression and Classification,"Which term is best described as: ""A probabilistic linear model commonly used for classification.""",Logistic regression,Clustering,Precision,Recall,A,1,Medium,Understand,CO2,"preloaded,machine-learning,regression-and-classification"
Machine Learning,B.Tech CSE/IT,2,Regression and Classification,"In Machine Learning, what does ""Decision tree""?",A computational unit that combines weighted inputs and applies an activation function.,A predictive model that recursively partitions data using feature-based tests.,The fraction of actual positives that are correctly identified.,Grouping similar observations without predefined class labels.,B,1,Hard,Analyze,CO2,"preloaded,machine-learning,regression-and-classification"
Machine Learning,B.Tech CSE/IT,3,Evaluation,"Which description best matches ""Train-test split""?",The fraction of actual positives that are correctly identified.,A model that predicts a continuous target using a linear combination of features.,One complete pass through the training dataset.,Separating data into subsets for fitting and evaluating a model.,D,1,Easy,Remember,CO3,"preloaded,machine-learning,evaluation"
Machine Learning,B.Tech CSE/IT,3,Evaluation,"Which term is best described as: ""The fraction of predicted positives that are actually positive.""",Neuron,Epoch,Decision tree,Precision,D,1,Medium,Understand,CO3,"preloaded,machine-learning,evaluation"
Machine Learning,B.Tech CSE/IT,3,Evaluation,"In Machine Learning, what does ""Recall""?",Grouping similar observations without predefined class labels.,The fraction of actual positives that are correctly identified.,A dimensionality-reduction technique based on orthogonal directions of maximum variance.,Discovering structure in data without labeled target outputs.,B,1,Hard,Analyze,CO3,"preloaded,machine-learning,evaluation"
Machine Learning,B.Tech CSE/IT,4,Unsupervised Learning,"Which description best matches ""K-means""?",Grouping similar observations without predefined class labels.,The fraction of predicted positives that are actually positive.,A clustering algorithm that partitions points around a specified number of centroids.,The fraction of actual positives that are correctly identified.,C,1,Easy,Remember,CO4,"preloaded,machine-learning,unsupervised-learning"
Machine Learning,B.Tech CSE/IT,4,Unsupervised Learning,"Which term is best described as: ""A dimensionality-reduction technique based on orthogonal directions of maximum variance.""",K-means,PCA,Unsupervised learning,Logistic regression,B,1,Medium,Understand,CO4,"preloaded,machine-learning,unsupervised-learning"
Machine Learning,B.Tech CSE/IT,4,Unsupervised Learning,"In Machine Learning, what does ""Clustering""?",A clustering algorithm that partitions points around a specified number of centroids.,The fraction of predicted positives that are actually positive.,A dimensionality-reduction technique based on orthogonal directions of maximum variance.,Grouping similar observations without predefined class labels.,D,1,Hard,Analyze,CO4,"preloaded,machine-learning,unsupervised-learning"
Machine Learning,B.Tech CSE/IT,5,Neural Networks,"Which description best matches ""Neuron""?",A method for computing gradients through a neural network.,Grouping similar observations without predefined class labels.,A computational unit that combines weighted inputs and applies an activation function.,Separating data into subsets for fitting and evaluating a model.,C,1,Easy,Remember,CO5,"preloaded,machine-learning,neural-networks"
Machine Learning,B.Tech CSE/IT,5,Neural Networks,"Which term is best described as: ""A method for computing gradients through a neural network.""",Recall,Clustering,Neuron,Backpropagation,D,1,Medium,Understand,CO5,"preloaded,machine-learning,neural-networks"
Machine Learning,B.Tech CSE/IT,5,Neural Networks,"In Machine Learning, what does ""Epoch""?",Learning a mapping from inputs to labeled targets.,A computational unit that combines weighted inputs and applies an activation function.,One complete pass through the training dataset.,The fraction of predicted positives that are actually positive.,C,1,Hard,Analyze,CO5,"preloaded,machine-learning,neural-networks"
Cyber Security,B.Tech CSE/IT,1,Security Fundamentals,"Which description best matches ""Confidentiality""?",A protected logical network connection established over another network.,A one-way function mapping arbitrary-length input to a fixed-length digest.,Protection against unauthorized or improper modification of information.,Protection against unauthorized disclosure of information.,D,1,Easy,Remember,CO1,"preloaded,cyber-security,security-fundamentals"
Cyber Security,B.Tech CSE/IT,1,Security Fundamentals,"Which term is best described as: ""Protection against unauthorized or improper modification of information.""",Public-key encryption,Integrity,IDS,Symmetric encryption,B,1,Medium,Understand,CO1,"preloaded,cyber-security,security-fundamentals"
Cyber Security,B.Tech CSE/IT,1,Security Fundamentals,"In Cyber Security, what does ""Availability""?",A vulnerability that allows attacker-controlled script to execute in another user's browser.,Ensuring systems and data are accessible when authorized users need them.,A separate copy of data maintained to support recovery after loss or corruption.,A control that filters network traffic according to defined rules.,B,1,Hard,Analyze,CO1,"preloaded,cyber-security,security-fundamentals"
Cyber Security,B.Tech CSE/IT,2,Cryptography,"Which description best matches ""Symmetric encryption""?",A vulnerability that allows attacker-controlled script to execute in another user's browser.,"Checking external input against expected type, format, range or rules.",Encryption using the same secret key for encryption and decryption.,A one-way function mapping arbitrary-length input to a fixed-length digest.,C,1,Easy,Remember,CO2,"preloaded,cyber-security,cryptography"
Cyber Security,B.Tech CSE/IT,2,Cryptography,"Which term is best described as: ""Encryption using a public/private key pair.""",Public-key encryption,SQL injection,XSS,IDS,A,1,Medium,Understand,CO2,"preloaded,cyber-security,cryptography"
Cyber Security,B.Tech CSE/IT,2,Cryptography,"In Cyber Security, what does ""Hash function""?","Checking external input against expected type, format, range or rules.",A system that monitors activity for signs of attacks or policy violations.,A one-way function mapping arbitrary-length input to a fixed-length digest.,Encryption using the same secret key for encryption and decryption.,C,1,Hard,Analyze,CO2,"preloaded,cyber-security,cryptography"
Cyber Security,B.Tech CSE/IT,3,Network Security,"Which description best matches ""Firewall""?",A vulnerability that allows attacker-controlled script to execute in another user's browser.,An attack that manipulates database queries through untrusted input.,A system that monitors activity for signs of attacks or policy violations.,A control that filters network traffic according to defined rules.,D,1,Easy,Remember,CO3,"preloaded,cyber-security,network-security"
Cyber Security,B.Tech CSE/IT,3,Network Security,"Which term is best described as: ""A system that monitors activity for signs of attacks or policy violations.""",VPN,Backup,Incident response,IDS,D,1,Medium,Understand,CO3,"preloaded,cyber-security,network-security"
Cyber Security,B.Tech CSE/IT,3,Network Security,"In Cyber Security, what does ""VPN""?",A protected logical network connection established over another network.,A vulnerability that allows attacker-controlled script to execute in another user's browser.,A system that monitors activity for signs of attacks or policy violations.,Encryption using the same secret key for encryption and decryption.,A,1,Hard,Analyze,CO3,"preloaded,cyber-security,network-security"
Cyber Security,B.Tech CSE/IT,4,Application Security,"Which description best matches ""SQL injection""?","Checking external input against expected type, format, range or rules.",An attack that manipulates database queries through untrusted input.,A separate copy of data maintained to support recovery after loss or corruption.,"A structured process for preparing for, detecting, containing, eradicating and recovering from security incidents.",B,1,Easy,Remember,CO4,"preloaded,cyber-security,application-security"
Cyber Security,B.Tech CSE/IT,4,Application Security,"Which term is best described as: ""A vulnerability that allows attacker-controlled script to execute in another user's browser.""",VPN,XSS,IDS,Incident response,B,1,Medium,Understand,CO4,"preloaded,cyber-security,application-security"
Cyber Security,B.Tech CSE/IT,4,Application Security,"In Cyber Security, what does ""Input validation""?","A structured process for preparing for, detecting, containing, eradicating and recovering from security incidents.","Checking external input against expected type, format, range or rules.",A protected logical network connection established over another network.,The combination of likelihood and impact associated with a threat exploiting a vulnerability.,B,1,Hard,Analyze,CO4,"preloaded,cyber-security,application-security"
Cyber Security,B.Tech CSE/IT,5,Risk and Incident Response,"Which description best matches ""Risk""?",Encryption using the same secret key for encryption and decryption.,The combination of likelihood and impact associated with a threat exploiting a vulnerability.,A system that monitors activity for signs of attacks or policy violations.,A protected logical network connection established over another network.,B,1,Easy,Remember,CO5,"preloaded,cyber-security,risk-and-incident-response"
Cyber Security,B.Tech CSE/IT,5,Risk and Incident Response,"Which term is best described as: ""A structured process for preparing for, detecting, containing, eradicating and recovering from security incidents.""",VPN,Confidentiality,Symmetric encryption,Incident response,D,1,Medium,Understand,CO5,"preloaded,cyber-security,risk-and-incident-response"
Cyber Security,B.Tech CSE/IT,5,Risk and Incident Response,"In Cyber Security, what does ""Backup""?",Encryption using the same secret key for encryption and decryption.,An attack that manipulates database queries through untrusted input.,Encryption using a public/private key pair.,A separate copy of data maintained to support recovery after loss or corruption.,D,1,Hard,Analyze,CO5,"preloaded,cyber-security,risk-and-incident-response"
Internet of Things,B.Tech CSE/IT,1,IoT Foundations,"Which description best matches ""IoT""?",A converter that transforms an analog signal into a digital representation.,"A network of physical objects equipped with sensing, processing and communication capabilities.",General-purpose input/output pins used for digital interaction with external hardware.,"A controlled process for replacing embedded device software, ideally with authenticated packages.",B,1,Easy,Remember,CO1,"preloaded,internet-of-things,iot-foundations"
Internet of Things,B.Tech CSE/IT,1,IoT Foundations,"Which term is best described as: ""A device that converts a physical quantity into a measurable signal.""",MQTT,Sensor,ADC,Actuator,B,1,Medium,Understand,CO1,"preloaded,internet-of-things,iot-foundations"
Internet of Things,B.Tech CSE/IT,1,IoT Foundations,"In Internet of Things, what does ""Actuator""?",A lightweight web transfer protocol designed for constrained devices.,Measurements sent from devices to monitoring or processing systems.,A converter that transforms an analog signal into a digital representation.,A device that converts a control signal into physical action.,D,1,Hard,Analyze,CO1,"preloaded,internet-of-things,iot-foundations"
Internet of Things,B.Tech CSE/IT,2,Embedded Platforms,"Which description best matches ""Microcontroller""?",General-purpose input/output pins used for digital interaction with external hardware.,A lightweight web transfer protocol designed for constrained devices.,A converter that transforms an analog signal into a digital representation.,"A compact integrated circuit containing processor, memory and peripherals for embedded control.",D,1,Easy,Remember,CO2,"preloaded,internet-of-things,embedded-platforms"
Internet of Things,B.Tech CSE/IT,2,Embedded Platforms,"Which term is best described as: ""General-purpose input/output pins used for digital interaction with external hardware.""",GPIO,Edge computing,Secure boot,Firmware update,A,1,Medium,Understand,CO2,"preloaded,internet-of-things,embedded-platforms"
Internet of Things,B.Tech CSE/IT,2,Embedded Platforms,"In Internet of Things, what does ""ADC""?",A converter that transforms an analog signal into a digital representation.,"A compact integrated circuit containing processor, memory and peripherals for embedded control.",A device that converts a physical quantity into a measurable signal.,A lightweight publish-subscribe messaging protocol often used in IoT.,A,1,Hard,Analyze,CO2,"preloaded,internet-of-things,embedded-platforms"
Internet of Things,B.Tech CSE/IT,3,IoT Communication,"Which description best matches ""MQTT""?",A lightweight web transfer protocol designed for constrained devices.,"A controlled process for replacing embedded device software, ideally with authenticated packages.",A converter that transforms an analog signal into a digital representation.,A lightweight publish-subscribe messaging protocol often used in IoT.,D,1,Easy,Remember,CO3,"preloaded,internet-of-things,iot-communication"
Internet of Things,B.Tech CSE/IT,3,IoT Communication,"Which term is best described as: ""A lightweight web transfer protocol designed for constrained devices.""",CoAP,Sensor,Secure boot,Microcontroller,A,1,Medium,Understand,CO3,"preloaded,internet-of-things,iot-communication"
Internet of Things,B.Tech CSE/IT,3,IoT Communication,"In Internet of Things, what does ""BLE""?",A mechanism for uniquely authenticating a device.,Measurements sent from devices to monitoring or processing systems.,"Bluetooth Low Energy, a low-power wireless technology for short-range communication.",Processing data near where it is generated rather than only in a remote cloud.,C,1,Hard,Analyze,CO3,"preloaded,internet-of-things,iot-communication"
Internet of Things,B.Tech CSE/IT,4,IoT Cloud and Data,"Which description best matches ""Telemetry""?",General-purpose input/output pins used for digital interaction with external hardware.,Measurements sent from devices to monitoring or processing systems.,"A controlled process for replacing embedded device software, ideally with authenticated packages.","A network of physical objects equipped with sensing, processing and communication capabilities.",B,1,Easy,Remember,CO4,"preloaded,internet-of-things,iot-cloud-and-data"
Internet of Things,B.Tech CSE/IT,4,IoT Cloud and Data,"Which term is best described as: ""Processing data near where it is generated rather than only in a remote cloud.""",Edge computing,Device identity,Telemetry,GPIO,A,1,Medium,Understand,CO4,"preloaded,internet-of-things,iot-cloud-and-data"
Internet of Things,B.Tech CSE/IT,4,IoT Cloud and Data,"In Internet of Things, what does ""Device twin""?",General-purpose input/output pins used for digital interaction with external hardware.,A converter that transforms an analog signal into a digital representation.,A digital representation of the state and properties of a physical device.,Processing data near where it is generated rather than only in a remote cloud.,C,1,Hard,Analyze,CO4,"preloaded,internet-of-things,iot-cloud-and-data"
Internet of Things,B.Tech CSE/IT,5,IoT Security,"Which description best matches ""Device identity""?",A lightweight publish-subscribe messaging protocol often used in IoT.,A mechanism for uniquely authenticating a device.,A device that converts a physical quantity into a measurable signal.,A process that verifies trusted software before allowing a device to start it.,B,1,Easy,Remember,CO5,"preloaded,internet-of-things,iot-security"
Internet of Things,B.Tech CSE/IT,5,IoT Security,"Which term is best described as: ""A process that verifies trusted software before allowing a device to start it.""",Telemetry,Secure boot,IoT,ADC,B,1,Medium,Understand,CO5,"preloaded,internet-of-things,iot-security"
Internet of Things,B.Tech CSE/IT,5,IoT Security,"In Internet of Things, what does ""Firmware update""?",General-purpose input/output pins used for digital interaction with external hardware.,"A controlled process for replacing embedded device software, ideally with authenticated packages.","Bluetooth Low Energy, a low-power wireless technology for short-range communication.",A device that converts a physical quantity into a measurable signal.,B,1,Hard,Analyze,CO5,"preloaded,internet-of-things,iot-security"
Data Science,B.Tech CSE/IT,1,Data Science Foundations,"Which description best matches ""Data science""?",A range computed from sample data intended to contain a population parameter with a stated confidence level.,A plot showing the distribution of a numeric variable across intervals.,"An interdisciplinary practice of extracting insight from data using computation, statistics and domain knowledge.",A measure of statistical association between variables.,C,1,Easy,Remember,CO1,"preloaded,data-science,data-science-foundations"
Data Science,B.Tech CSE/IT,1,Data Science Foundations,"Which term is best described as: ""An organized collection of observations and variables.""",ETL,Dataset,Normalization,Missing value,B,1,Medium,Understand,CO1,"preloaded,data-science,data-science-foundations"
Data Science,B.Tech CSE/IT,1,Data Science Foundations,"In Data Science, what does ""Feature engineering""?",Selecting a subset of a population for analysis.,Creating or transforming variables to improve analysis or modeling.,A range computed from sample data intended to contain a population parameter with a stated confidence level.,"A compact numerical description such as mean, median or standard deviation.",B,1,Hard,Analyze,CO1,"preloaded,data-science,data-science-foundations"
Data Science,B.Tech CSE/IT,2,Data Preparation,"Which description best matches ""Missing value""?",An organized collection of observations and variables.,A data entry whose expected value is absent.,Selecting a subset of a population for analysis.,An observation that differs markedly from the majority of data.,B,1,Easy,Remember,CO2,"preloaded,data-science,data-preparation"
Data Science,B.Tech CSE/IT,2,Data Preparation,"Which term is best described as: ""Rescaling numeric values to a common range or magnitude.""",Normalization,Hypothesis test,Summary statistic,Correlation,A,1,Medium,Understand,CO2,"preloaded,data-science,data-preparation"
Data Science,B.Tech CSE/IT,2,Data Preparation,"In Data Science, what does ""Outlier""?",A data entry whose expected value is absent.,Selecting a subset of a population for analysis.,An observation that differs markedly from the majority of data.,A statistical procedure for evaluating evidence against a null hypothesis.,C,1,Hard,Analyze,CO2,"preloaded,data-science,data-preparation"
Data Science,B.Tech CSE/IT,3,Exploratory Data Analysis,"Which description best matches ""Histogram""?",An observation that differs markedly from the majority of data.,A measure of statistical association between variables.,A plot showing the distribution of a numeric variable across intervals.,A statistical procedure for evaluating evidence against a null hypothesis.,C,1,Easy,Remember,CO3,"preloaded,data-science,exploratory-data-analysis"
Data Science,B.Tech CSE/IT,3,Exploratory Data Analysis,"Which term is best described as: ""A measure of statistical association between variables.""",Correlation,Dataset,Normalization,Data science,A,1,Medium,Understand,CO3,"preloaded,data-science,exploratory-data-analysis"
Data Science,B.Tech CSE/IT,3,Exploratory Data Analysis,"In Data Science, what does ""Summary statistic""?",Creating or transforming variables to improve analysis or modeling.,Selecting a subset of a population for analysis.,"A compact numerical description such as mean, median or standard deviation.","An interdisciplinary practice of extracting insight from data using computation, statistics and domain knowledge.",C,1,Hard,Analyze,CO3,"preloaded,data-science,exploratory-data-analysis"
Data Science,B.Tech CSE/IT,4,Statistical Modeling,"Which description best matches ""Sampling""?",Selecting a subset of a population for analysis.,A plot showing the distribution of a numeric variable across intervals.,A statistical procedure for evaluating evidence against a null hypothesis.,A systematic distortion that can produce unfair or inaccurate conclusions.,A,1,Easy,Remember,CO4,"preloaded,data-science,statistical-modeling"
Data Science,B.Tech CSE/IT,4,Statistical Modeling,"Which term is best described as: ""A range computed from sample data intended to contain a population parameter with a stated confidence level.""",Confidence interval,Dataset,Missing value,Sampling,A,1,Medium,Understand,CO4,"preloaded,data-science,statistical-modeling"
Data Science,B.Tech CSE/IT,4,Statistical Modeling,"In Data Science, what does ""Hypothesis test""?",A systematic distortion that can produce unfair or inaccurate conclusions.,Selecting a subset of a population for analysis.,A range computed from sample data intended to contain a population parameter with a stated confidence level.,A statistical procedure for evaluating evidence against a null hypothesis.,D,1,Hard,Analyze,CO4,"preloaded,data-science,statistical-modeling"
Data Science,B.Tech CSE/IT,5,Data Pipelines and Ethics,"Which description best matches ""ETL""?","A pipeline pattern for extracting, transforming and loading data.",Information describing the origin and transformation history of data.,A measure of statistical association between variables.,"An interdisciplinary practice of extracting insight from data using computation, statistics and domain knowledge.",A,1,Easy,Remember,CO5,"preloaded,data-science,data-pipelines-and-ethics"
Data Science,B.Tech CSE/IT,5,Data Pipelines and Ethics,"Which term is best described as: ""Information describing the origin and transformation history of data.""",Data provenance,Histogram,Bias,Outlier,A,1,Medium,Understand,CO5,"preloaded,data-science,data-pipelines-and-ethics"
Data Science,B.Tech CSE/IT,5,Data Pipelines and Ethics,"In Data Science, what does ""Bias""?",A statistical procedure for evaluating evidence against a null hypothesis.,Selecting a subset of a population for analysis.,Information describing the origin and transformation history of data.,A systematic distortion that can produce unfair or inaccurate conclusions.,D,1,Hard,Analyze,CO5,"preloaded,data-science,data-pipelines-and-ethics"
Digital Electronics,B.Tech ECE/EE,1,Number Systems and Codes,"Which description best matches ""Binary number""?",A universal logic gate producing the complement of AND.,A field-programmable gate array containing configurable logic and interconnect.,A base-2 positional number using digits 0 and 1.,A sequential circuit that progresses through a defined sequence of states.,C,1,Easy,Remember,CO1,"preloaded,digital-electronics,number-systems-and-codes"
Digital Electronics,B.Tech ECE/EE,1,Number Systems and Codes,"Which term is best described as: ""A code in which adjacent values differ by only one bit.""",NAND gate,Binary number,Gray code,Full adder,C,1,Medium,Understand,CO1,"preloaded,digital-electronics,number-systems-and-codes"
Digital Electronics,B.Tech ECE/EE,1,Number Systems and Codes,"In Digital Electronics, what does ""Hexadecimal""?",A combinational circuit that adds two bits and a carry-in.,A circuit that activates output lines according to a binary input code.,A group of flip-flops used to store multiple bits.,A base-16 number system using sixteen symbols.,D,1,Hard,Analyze,CO1,"preloaded,digital-electronics,number-systems-and-codes"
Digital Electronics,B.Tech ECE/EE,2,Boolean Algebra and Logic Gates,"Which description best matches ""Boolean algebra""?",An algebraic system for variables with logical operations.,A bistable circuit that stores one bit.,A circuit that selects one of several inputs and forwards it to one output.,A base-16 number system using sixteen symbols.,A,1,Easy,Remember,CO2,"preloaded,digital-electronics,boolean-algebra-and-logic-gates"
Digital Electronics,B.Tech ECE/EE,2,Boolean Algebra and Logic Gates,"Which term is best described as: ""A universal logic gate producing the complement of AND.""",Karnaugh map,NAND gate,Boolean algebra,Flip-flop,B,1,Medium,Understand,CO2,"preloaded,digital-electronics,boolean-algebra-and-logic-gates"
Digital Electronics,B.Tech ECE/EE,2,Boolean Algebra and Logic Gates,"In Digital Electronics, what does ""Karnaugh map""?",A base-16 number system using sixteen symbols.,A field-programmable gate array containing configurable logic and interconnect.,A bistable circuit that stores one bit.,A graphical technique for simplifying Boolean expressions.,D,1,Hard,Analyze,CO2,"preloaded,digital-electronics,boolean-algebra-and-logic-gates"
Digital Electronics,B.Tech ECE/EE,3,Combinational Circuits,"Which description best matches ""Multiplexer""?",A combinational circuit that adds two bits and a carry-in.,A base-16 number system using sixteen symbols.,A circuit that selects one of several inputs and forwards it to one output.,A graphical technique for simplifying Boolean expressions.,C,1,Easy,Remember,CO3,"preloaded,digital-electronics,combinational-circuits"
Digital Electronics,B.Tech ECE/EE,3,Combinational Circuits,"Which term is best described as: ""A circuit that activates output lines according to a binary input code.""",Decoder,Flip-flop,ROM,Binary number,A,1,Medium,Understand,CO3,"preloaded,digital-electronics,combinational-circuits"
Digital Electronics,B.Tech ECE/EE,3,Combinational Circuits,"In Digital Electronics, what does ""Full adder""?",A combinational circuit that adds two bits and a carry-in.,A code in which adjacent values differ by only one bit.,A base-16 number system using sixteen symbols.,A graphical technique for simplifying Boolean expressions.,A,1,Hard,Analyze,CO3,"preloaded,digital-electronics,combinational-circuits"
Digital Electronics,B.Tech ECE/EE,4,Sequential Circuits,"Which description best matches ""Flip-flop""?",A field-programmable gate array containing configurable logic and interconnect.,A base-16 number system using sixteen symbols.,An algebraic system for variables with logical operations.,A bistable circuit that stores one bit.,D,1,Easy,Remember,CO4,"preloaded,digital-electronics,sequential-circuits"
Digital Electronics,B.Tech ECE/EE,4,Sequential Circuits,"Which term is best described as: ""A sequential circuit that progresses through a defined sequence of states.""",Counter,Decoder,FPGA,NAND gate,A,1,Medium,Understand,CO4,"preloaded,digital-electronics,sequential-circuits"
Digital Electronics,B.Tech ECE/EE,4,Sequential Circuits,"In Digital Electronics, what does ""Register""?",A universal logic gate producing the complement of AND.,A group of flip-flops used to store multiple bits.,A base-16 number system using sixteen symbols.,Read-write semiconductor memory used for temporary data storage.,B,1,Hard,Analyze,CO4,"preloaded,digital-electronics,sequential-circuits"
Digital Electronics,B.Tech ECE/EE,5,Memory and Programmable Logic,"Which description best matches ""RAM""?",A universal logic gate producing the complement of AND.,A base-2 positional number using digits 0 and 1.,A bistable circuit that stores one bit.,Read-write semiconductor memory used for temporary data storage.,D,1,Easy,Remember,CO5,"preloaded,digital-electronics,memory-and-programmable-logic"
Digital Electronics,B.Tech ECE/EE,5,Memory and Programmable Logic,"Which term is best described as: ""Nonvolatile memory primarily intended for stored fixed data or firmware.""",Decoder,FPGA,ROM,Gray code,C,1,Medium,Understand,CO5,"preloaded,digital-electronics,memory-and-programmable-logic"
Digital Electronics,B.Tech ECE/EE,5,Memory and Programmable Logic,"In Digital Electronics, what does ""FPGA""?",A field-programmable gate array containing configurable logic and interconnect.,A bistable circuit that stores one bit.,A graphical technique for simplifying Boolean expressions.,An algebraic system for variables with logical operations.,A,1,Hard,Analyze,CO5,"preloaded,digital-electronics,memory-and-programmable-logic"
Electrical Machines,B.Tech EE,1,Magnetic Circuits,"Which description best matches ""Magnetic flux""?",The total magnetic field passing through a surface.,The ratio between secondary and primary winding turns.,DC field supply used to establish rotor magnetic flux in a synchronous machine.,The speed of the rotating stator magnetic field.,A,1,Easy,Remember,CO1,"preloaded,electrical-machines,magnetic-circuits"
Electrical Machines,B.Tech EE,1,Magnetic Circuits,"Which term is best described as: ""Opposition offered by a magnetic circuit to magnetic flux.""",Reluctance,Armature,Faraday law,Copper loss,A,1,Medium,Understand,CO1,"preloaded,electrical-machines,magnetic-circuits"
Electrical Machines,B.Tech EE,1,Magnetic Circuits,"In Electrical Machines, what does ""Faraday law""?",Opposition offered by a magnetic circuit to magnetic flux.,The emf induced in a DC motor armature that opposes the applied voltage.,The induced emf is proportional to the rate of change of magnetic flux linkage.,The electrical angle associated with power transfer in a synchronous machine.,C,1,Hard,Analyze,CO1,"preloaded,electrical-machines,magnetic-circuits"
Electrical Machines,B.Tech EE,2,DC Machines,"Which description best matches ""Back emf""?",The emf induced in a DC motor armature that opposes the applied voltage.,Opposition offered by a magnetic circuit to magnetic flux.,DC field supply used to establish rotor magnetic flux in a synchronous machine.,The fractional difference between synchronous speed and rotor speed.,A,1,Easy,Remember,CO2,"preloaded,electrical-machines,dc-machines"
Electrical Machines,B.Tech EE,2,DC Machines,"Which term is best described as: ""A mechanical switching arrangement that helps produce unidirectional terminal current or torque in DC machines.""",Slip,Squirrel-cage rotor,Commutator,Excitation,C,1,Medium,Understand,CO2,"preloaded,electrical-machines,dc-machines"
Electrical Machines,B.Tech EE,2,DC Machines,"In Electrical Machines, what does ""Armature""?",The induced emf is proportional to the rate of change of magnetic flux linkage.,Power loss caused by winding resistance and current.,The winding in which emf is induced and current commonly flows in a DC machine.,The change in secondary terminal voltage from no load to load under specified conditions.,C,1,Hard,Analyze,CO2,"preloaded,electrical-machines,dc-machines"
Electrical Machines,B.Tech EE,3,Transformers,"Which description best matches ""Turns ratio""?",The total magnetic field passing through a surface.,The ratio between secondary and primary winding turns.,Power loss caused by winding resistance and current.,The speed of the rotating stator magnetic field.,B,1,Easy,Remember,CO3,"preloaded,electrical-machines,transformers"
Electrical Machines,B.Tech EE,3,Transformers,"Which term is best described as: ""The change in secondary terminal voltage from no load to load under specified conditions.""",Back emf,Copper loss,Slip,Voltage regulation,D,1,Medium,Understand,CO3,"preloaded,electrical-machines,transformers"
Electrical Machines,B.Tech EE,3,Transformers,"In Electrical Machines, what does ""Copper loss""?",Power loss caused by winding resistance and current.,The change in secondary terminal voltage from no load to load under specified conditions.,Opposition offered by a magnetic circuit to magnetic flux.,DC field supply used to establish rotor magnetic flux in a synchronous machine.,A,1,Hard,Analyze,CO3,"preloaded,electrical-machines,transformers"
Electrical Machines,B.Tech EE,4,Induction Machines,"Which description best matches ""Slip""?",The fractional difference between synchronous speed and rotor speed.,A mechanical switching arrangement that helps produce unidirectional terminal current or torque in DC machines.,The speed of the rotating stator magnetic field.,Opposition offered by a magnetic circuit to magnetic flux.,A,1,Easy,Remember,CO4,"preloaded,electrical-machines,induction-machines"
Electrical Machines,B.Tech EE,4,Induction Machines,"Which term is best described as: ""An induction-motor rotor using conducting bars shorted by end rings.""",Back emf,Slip,Squirrel-cage rotor,Magnetic flux,C,1,Medium,Understand,CO4,"preloaded,electrical-machines,induction-machines"
Electrical Machines,B.Tech EE,4,Induction Machines,"In Electrical Machines, what does ""Synchronous speed""?",An induction-motor rotor using conducting bars shorted by end rings.,The speed of the rotating stator magnetic field.,The induced emf is proportional to the rate of change of magnetic flux linkage.,The total magnetic field passing through a surface.,B,1,Hard,Analyze,CO4,"preloaded,electrical-machines,induction-machines"
Electrical Machines,B.Tech EE,5,Synchronous Machines,"Which description best matches ""Alternator""?",The ratio between secondary and primary winding turns.,A synchronous generator that converts mechanical energy to AC electrical energy.,The fractional difference between synchronous speed and rotor speed.,Power loss caused by winding resistance and current.,B,1,Easy,Remember,CO5,"preloaded,electrical-machines,synchronous-machines"
Electrical Machines,B.Tech EE,5,Synchronous Machines,"Which term is best described as: ""DC field supply used to establish rotor magnetic flux in a synchronous machine.""",Faraday law,Copper loss,Excitation,Squirrel-cage rotor,C,1,Medium,Understand,CO5,"preloaded,electrical-machines,synchronous-machines"
Electrical Machines,B.Tech EE,5,Synchronous Machines,"In Electrical Machines, what does ""Power angle""?",The ratio between secondary and primary winding turns.,The change in secondary terminal voltage from no load to load under specified conditions.,The electrical angle associated with power transfer in a synchronous machine.,The winding in which emf is induced and current commonly flows in a DC machine.,C,1,Hard,Analyze,CO5,"preloaded,electrical-machines,synchronous-machines"
Thermodynamics,B.Tech Mechanical,1,Basic Concepts,"Which description best matches ""System""?",A property defined as internal energy plus pressure-volume product.,The condition of a thermodynamic system described by properties.,The ratio of actual water-vapor partial pressure to saturation pressure at the same temperature.,A specified quantity of matter or region in space selected for study.,D,1,Easy,Remember,CO1,"preloaded,thermodynamics,basic-concepts"
Thermodynamics,B.Tech Mechanical,1,Basic Concepts,"Which term is best described as: ""The condition of a thermodynamic system described by properties.""",Entropy,System,State,Internal energy,C,1,Medium,Understand,CO1,"preloaded,thermodynamics,basic-concepts"
Thermodynamics,B.Tech Mechanical,1,Basic Concepts,"In Thermodynamics, what does ""Equilibrium""?","An energy-conservation statement relating heat, work and change in system energy.",The ratio of actual water-vapor partial pressure to saturation pressure at the same temperature.,A condition in which no unbalanced thermodynamic potential drives spontaneous macroscopic change.,A property defined as internal energy plus pressure-volume product.,C,1,Hard,Analyze,CO1,"preloaded,thermodynamics,basic-concepts"
Thermodynamics,B.Tech Mechanical,2,First Law,"Which description best matches ""Internal energy""?",A thermodynamic property representing microscopic energy stored in a system.,"Coefficient of performance, the desired refrigeration or heating effect divided by required work input.",A relation stating that the cyclic integral of heat divided by boundary temperature is nonpositive.,A thermodynamic state property associated with energy dispersal and irreversibility.,A,1,Easy,Remember,CO2,"preloaded,thermodynamics,first-law"
Thermodynamics,B.Tech Mechanical,2,First Law,"Which term is best described as: ""A property defined as internal energy plus pressure-volume product.""",Equilibrium,Enthalpy,Otto cycle,System,B,1,Medium,Understand,CO2,"preloaded,thermodynamics,first-law"
Thermodynamics,B.Tech Mechanical,2,First Law,"In Thermodynamics, what does ""First law""?","An energy-conservation statement relating heat, work and change in system energy.",A relation stating that the cyclic integral of heat divided by boundary temperature is nonpositive.,A specified quantity of matter or region in space selected for study.,The condition of a thermodynamic system described by properties.,A,1,Hard,Analyze,CO2,"preloaded,thermodynamics,first-law"
Thermodynamics,B.Tech Mechanical,3,Second Law and Entropy,"Which description best matches ""Entropy""?",A thermodynamic state property associated with energy dispersal and irreversibility.,A specified quantity of matter or region in space selected for study.,A working fluid that absorbs and rejects heat in a refrigeration cycle.,A relation stating that the cyclic integral of heat divided by boundary temperature is nonpositive.,A,1,Easy,Remember,CO3,"preloaded,thermodynamics,second-law-and-entropy"
Thermodynamics,B.Tech Mechanical,3,Second Law and Entropy,"Which term is best described as: ""An ideal reversible cycle that sets an upper efficiency limit between two temperatures.""",Clausius inequality,Relative humidity,Carnot cycle,Brayton cycle,C,1,Medium,Understand,CO3,"preloaded,thermodynamics,second-law-and-entropy"
Thermodynamics,B.Tech Mechanical,3,Second Law and Entropy,"In Thermodynamics, what does ""Clausius inequality""?",The ratio of actual water-vapor partial pressure to saturation pressure at the same temperature.,"An energy-conservation statement relating heat, work and change in system energy.",A relation stating that the cyclic integral of heat divided by boundary temperature is nonpositive.,An idealized cycle used to model gas-turbine engines.,C,1,Hard,Analyze,CO3,"preloaded,thermodynamics,second-law-and-entropy"
Thermodynamics,B.Tech Mechanical,4,Gas Power Cycles,"Which description best matches ""Otto cycle""?",An idealized cycle commonly associated with spark-ignition engines.,The condition of a thermodynamic system described by properties.,A thermodynamic state property associated with energy dispersal and irreversibility.,An idealized cycle commonly associated with compression-ignition engines.,A,1,Easy,Remember,CO4,"preloaded,thermodynamics,gas-power-cycles"
Thermodynamics,B.Tech Mechanical,4,Gas Power Cycles,"Which term is best described as: ""An idealized cycle commonly associated with compression-ignition engines.""",Diesel cycle,Internal energy,Enthalpy,State,A,1,Medium,Understand,CO4,"preloaded,thermodynamics,gas-power-cycles"
Thermodynamics,B.Tech Mechanical,4,Gas Power Cycles,"In Thermodynamics, what does ""Brayton cycle""?",The ratio of actual water-vapor partial pressure to saturation pressure at the same temperature.,A specified quantity of matter or region in space selected for study.,A thermodynamic state property associated with energy dispersal and irreversibility.,An idealized cycle used to model gas-turbine engines.,D,1,Hard,Analyze,CO4,"preloaded,thermodynamics,gas-power-cycles"
Thermodynamics,B.Tech Mechanical,5,Refrigeration and Psychrometrics,"Which description best matches ""COP""?","Coefficient of performance, the desired refrigeration or heating effect divided by required work input.",A relation stating that the cyclic integral of heat divided by boundary temperature is nonpositive.,A specified quantity of matter or region in space selected for study.,The ratio of actual water-vapor partial pressure to saturation pressure at the same temperature.,A,1,Easy,Remember,CO5,"preloaded,thermodynamics,refrigeration-and-psychrometrics"
Thermodynamics,B.Tech Mechanical,5,Refrigeration and Psychrometrics,"Which term is best described as: ""A working fluid that absorbs and rejects heat in a refrigeration cycle.""",Refrigerant,Enthalpy,Equilibrium,System,A,1,Medium,Understand,CO5,"preloaded,thermodynamics,refrigeration-and-psychrometrics"
Thermodynamics,B.Tech Mechanical,5,Refrigeration and Psychrometrics,"In Thermodynamics, what does ""Relative humidity""?",A thermodynamic property representing microscopic energy stored in a system.,An idealized cycle commonly associated with compression-ignition engines.,The ratio of actual water-vapor partial pressure to saturation pressure at the same temperature.,A relation stating that the cyclic integral of heat divided by boundary temperature is nonpositive.,C,1,Hard,Analyze,CO5,"preloaded,thermodynamics,refrigeration-and-psychrometrics"
Fluid Mechanics,B.Tech Mechanical/Civil,1,Fluid Properties,"Which description best matches ""Density""?",Mechanical-energy loss per unit weight due to friction and local disturbances.,A dimensionless ratio comparing inertial and viscous effects.,A measure of a fluid's resistance to shear deformation.,Mass per unit volume.,D,1,Easy,Remember,CO1,"preloaded,fluid-mechanics,fluid-properties"
Fluid Mechanics,B.Tech Mechanical/Civil,1,Fluid Properties,"Which term is best described as: ""A measure of a fluid's resistance to shear deformation.""",Continuity equation,Velocity potential,Reynolds number,Viscosity,D,1,Medium,Understand,CO1,"preloaded,fluid-mechanics,fluid-properties"
Fluid Mechanics,B.Tech Mechanical/Civil,1,Fluid Properties,"In Fluid Mechanics, what does ""Surface tension""?",Mechanical-energy loss per unit weight due to friction and local disturbances.,Force per unit length associated with a liquid interface.,A measure of a fluid's resistance to shear deformation.,"A scalar function whose gradient gives velocity for an irrotational flow, up to sign convention.",B,1,Hard,Analyze,CO1,"preloaded,fluid-mechanics,fluid-properties"
Fluid Mechanics,B.Tech Mechanical/Civil,2,Fluid Statics,"Which description best matches ""Pressure""?",Normal force exerted per unit area.,A machine that adds mechanical energy to a fluid.,A measure of a fluid's resistance to shear deformation.,The upward force exerted by a fluid on an immersed or floating body.,A,1,Easy,Remember,CO2,"preloaded,fluid-mechanics,fluid-statics"
Fluid Mechanics,B.Tech Mechanical/Civil,2,Fluid Statics,"Which term is best described as: ""Pressure applied to a confined fluid is transmitted throughout the fluid.""",Pascal law,Turbine,Pump,Bernoulli equation,A,1,Medium,Understand,CO2,"preloaded,fluid-mechanics,fluid-statics"
Fluid Mechanics,B.Tech Mechanical/Civil,2,Fluid Statics,"In Fluid Mechanics, what does ""Buoyancy""?",A relation for major head loss in pipe flow.,A dimensionless ratio comparing inertial and viscous effects.,The upward force exerted by a fluid on an immersed or floating body.,A mechanical-energy relation along a streamline for idealized steady incompressible flow.,C,1,Hard,Analyze,CO2,"preloaded,fluid-mechanics,fluid-statics"
Fluid Mechanics,B.Tech Mechanical/Civil,3,Fluid Kinematics,"Which description best matches ""Streamline""?",A conservation-of-mass relation for fluid flow.,A machine that adds mechanical energy to a fluid.,A curve everywhere tangent to the instantaneous velocity field.,"A scalar function whose gradient gives velocity for an irrotational flow, up to sign convention.",C,1,Easy,Remember,CO3,"preloaded,fluid-mechanics,fluid-kinematics"
Fluid Mechanics,B.Tech Mechanical/Civil,3,Fluid Kinematics,"Which term is best described as: ""A conservation-of-mass relation for fluid flow.""",Pressure,Continuity equation,Pascal law,Darcy-Weisbach equation,B,1,Medium,Understand,CO3,"preloaded,fluid-mechanics,fluid-kinematics"
Fluid Mechanics,B.Tech Mechanical/Civil,3,Fluid Kinematics,"In Fluid Mechanics, what does ""Velocity potential""?",A machine that extracts energy from a flowing fluid.,A machine that adds mechanical energy to a fluid.,Pressure applied to a confined fluid is transmitted throughout the fluid.,"A scalar function whose gradient gives velocity for an irrotational flow, up to sign convention.",D,1,Hard,Analyze,CO3,"preloaded,fluid-mechanics,fluid-kinematics"
Fluid Mechanics,B.Tech Mechanical/Civil,4,Fluid Dynamics,"Which description best matches ""Bernoulli equation""?",A measure of a fluid's resistance to shear deformation.,Mechanical-energy loss per unit weight due to friction and local disturbances.,A mechanical-energy relation along a streamline for idealized steady incompressible flow.,A dimensionless ratio comparing inertial and viscous effects.,C,1,Easy,Remember,CO4,"preloaded,fluid-mechanics,fluid-dynamics"
Fluid Mechanics,B.Tech Mechanical/Civil,4,Fluid Dynamics,"Which term is best described as: ""A dimensionless ratio comparing inertial and viscous effects.""",Viscosity,Reynolds number,Head loss,Pressure,B,1,Medium,Understand,CO4,"preloaded,fluid-mechanics,fluid-dynamics"
Fluid Mechanics,B.Tech Mechanical/Civil,4,Fluid Dynamics,"In Fluid Mechanics, what does ""Head loss""?",A relation for major head loss in pipe flow.,Pressure applied to a confined fluid is transmitted throughout the fluid.,Mechanical-energy loss per unit weight due to friction and local disturbances.,Normal force exerted per unit area.,C,1,Hard,Analyze,CO4,"preloaded,fluid-mechanics,fluid-dynamics"
Fluid Mechanics,B.Tech Mechanical/Civil,5,Pipe Flow and Turbomachinery,"Which description best matches ""Darcy-Weisbach equation""?",A relation for major head loss in pipe flow.,Pressure applied to a confined fluid is transmitted throughout the fluid.,A machine that adds mechanical energy to a fluid.,Mass per unit volume.,A,1,Easy,Remember,CO5,"preloaded,fluid-mechanics,pipe-flow-and-turbomachinery"
Fluid Mechanics,B.Tech Mechanical/Civil,5,Pipe Flow and Turbomachinery,"Which term is best described as: ""A machine that adds mechanical energy to a fluid.""",Density,Pump,Streamline,Continuity equation,B,1,Medium,Understand,CO5,"preloaded,fluid-mechanics,pipe-flow-and-turbomachinery"
Fluid Mechanics,B.Tech Mechanical/Civil,5,Pipe Flow and Turbomachinery,"In Fluid Mechanics, what does ""Turbine""?",A relation for major head loss in pipe flow.,A machine that extracts energy from a flowing fluid.,A curve everywhere tangent to the instantaneous velocity field.,"A scalar function whose gradient gives velocity for an irrotational flow, up to sign convention.",B,1,Hard,Analyze,CO5,"preloaded,fluid-mechanics,pipe-flow-and-turbomachinery"
Strength of Materials,B.Tech Mechanical/Civil,1,Stress and Strain,"Which description best matches ""Normal stress""?",A twisting moment applied about an axis.,A stability failure involving sudden lateral deflection under compressive load.,The ideal critical buckling load of a slender column under specified end conditions.,Axial force divided by the resisting cross-sectional area.,D,1,Easy,Remember,CO1,"preloaded,strength-of-materials,stress-and-strain"
Strength of Materials,B.Tech Mechanical/Civil,1,Stress and Strain,"Which term is best described as: ""Deformation per unit original dimension.""",Strain,Neutral axis,Bending moment,Normal stress,A,1,Medium,Understand,CO1,"preloaded,strength-of-materials,stress-and-strain"
Strength of Materials,B.Tech Mechanical/Civil,1,Stress and Strain,"In Strength of Materials, what does ""Young modulus""?",The line in a beam cross-section where longitudinal bending stress is zero.,The ratio of normal stress to normal strain in the linear elastic range.,The angular rotation produced along a shaft by torque.,The algebraic sum of moments of forces about a beam section.,B,1,Hard,Analyze,CO1,"preloaded,strength-of-materials,stress-and-strain"
Strength of Materials,B.Tech Mechanical/Civil,2,Shear Force and Bending Moment,"Which description best matches ""Shear force""?",The ideal critical buckling load of a slender column under specified end conditions.,The algebraic sum of transverse forces on one side of a beam section.,Energy stored in a body due to elastic deformation.,"The relation connecting bending moment, stress, second moment of area and curvature for simple bending.",B,1,Easy,Remember,CO2,"preloaded,strength-of-materials,shear-force-and-bending-moment"
Strength of Materials,B.Tech Mechanical/Civil,2,Shear Force and Bending Moment,"Which term is best described as: ""The algebraic sum of moments of forces about a beam section.""",Strain energy,Bending moment,Polar moment of inertia,Shear force,B,1,Medium,Understand,CO2,"preloaded,strength-of-materials,shear-force-and-bending-moment"
Strength of Materials,B.Tech Mechanical/Civil,2,Shear Force and Bending Moment,"In Strength of Materials, what does ""Point of contraflexure""?",The algebraic sum of moments of forces about a beam section.,Energy stored in a body due to elastic deformation.,A point along a beam where bending moment changes sign.,The ratio of normal stress to normal strain in the linear elastic range.,C,1,Hard,Analyze,CO2,"preloaded,strength-of-materials,shear-force-and-bending-moment"
Strength of Materials,B.Tech Mechanical/Civil,3,Bending and Shear Stress,"Which description best matches ""Neutral axis""?",The ratio of normal stress to normal strain in the linear elastic range.,The ideal critical buckling load of a slender column under specified end conditions.,The angular rotation produced along a shaft by torque.,The line in a beam cross-section where longitudinal bending stress is zero.,D,1,Easy,Remember,CO3,"preloaded,strength-of-materials,bending-and-shear-stress"
Strength of Materials,B.Tech Mechanical/Civil,3,Bending and Shear Stress,"Which term is best described as: ""A geometric measure equal to second moment of area divided by distance to the extreme fiber.""",Section modulus,Buckling,Strain,Bending moment,A,1,Medium,Understand,CO3,"preloaded,strength-of-materials,bending-and-shear-stress"
Strength of Materials,B.Tech Mechanical/Civil,3,Bending and Shear Stress,"In Strength of Materials, what does ""Flexure formula""?",The algebraic sum of moments of forces about a beam section.,Energy stored in a body due to elastic deformation.,A geometric property governing resistance to torsional deformation of circular sections.,"The relation connecting bending moment, stress, second moment of area and curvature for simple bending.",D,1,Hard,Analyze,CO3,"preloaded,strength-of-materials,bending-and-shear-stress"
Strength of Materials,B.Tech Mechanical/Civil,4,Torsion,"Which description best matches ""Torque""?",A twisting moment applied about an axis.,The angular rotation produced along a shaft by torque.,A stability failure involving sudden lateral deflection under compressive load.,Energy stored in a body due to elastic deformation.,A,1,Easy,Remember,CO4,"preloaded,strength-of-materials,torsion"
Strength of Materials,B.Tech Mechanical/Civil,4,Torsion,"Which term is best described as: ""A geometric property governing resistance to torsional deformation of circular sections.""",Buckling,Polar moment of inertia,Strain energy,Neutral axis,B,1,Medium,Understand,CO4,"preloaded,strength-of-materials,torsion"
Strength of Materials,B.Tech Mechanical/Civil,4,Torsion,"In Strength of Materials, what does ""Angle of twist""?",The angular rotation produced along a shaft by torque.,The algebraic sum of moments of forces about a beam section.,The ratio of normal stress to normal strain in the linear elastic range.,A stability failure involving sudden lateral deflection under compressive load.,A,1,Hard,Analyze,CO4,"preloaded,strength-of-materials,torsion"
Strength of Materials,B.Tech Mechanical/Civil,5,Columns and Energy Methods,"Which description best matches ""Buckling""?",The algebraic sum of transverse forces on one side of a beam section.,The angular rotation produced along a shaft by torque.,A stability failure involving sudden lateral deflection under compressive load.,A point along a beam where bending moment changes sign.,C,1,Easy,Remember,CO5,"preloaded,strength-of-materials,columns-and-energy-methods"
Strength of Materials,B.Tech Mechanical/Civil,5,Columns and Energy Methods,"Which term is best described as: ""The ideal critical buckling load of a slender column under specified end conditions.""",Euler load,Polar moment of inertia,Young modulus,Shear force,A,1,Medium,Understand,CO5,"preloaded,strength-of-materials,columns-and-energy-methods"
Strength of Materials,B.Tech Mechanical/Civil,5,Columns and Energy Methods,"In Strength of Materials, what does ""Strain energy""?",Energy stored in a body due to elastic deformation.,Axial force divided by the resisting cross-sectional area.,A geometric property governing resistance to torsional deformation of circular sections.,The algebraic sum of moments of forces about a beam section.,A,1,Hard,Analyze,CO5,"preloaded,strength-of-materials,columns-and-energy-methods"
Surveying,B.Tech Civil,1,Surveying Fundamentals,"Which description best matches ""Surveying""?",A series of connected survey lines whose lengths and directions are measured.,"The science and art of determining relative positions of points on, above or below the earth's surface.",The ratio between a distance on a map or drawing and the corresponding ground distance.,An instrument used for precise measurement of horizontal and vertical angles.,B,1,Easy,Remember,CO1,"preloaded,surveying,surveying-fundamentals"
Surveying,B.Tech Civil,1,Surveying Fundamentals,"Which term is best described as: ""A reference point of known elevation.""",Total station,Chain surveying,Back sight,Benchmark,D,1,Medium,Understand,CO1,"preloaded,surveying,surveying-fundamentals"
Surveying,B.Tech Civil,1,Surveying Fundamentals,"In Surveying, what does ""Scale""?","The science and art of determining relative positions of points on, above or below the earth's surface.","An electronic instrument integrating angle measurement, distance measurement and data processing.",The ratio between a distance on a map or drawing and the corresponding ground distance.,The elevation of a point relative to an adopted datum.,C,1,Hard,Analyze,CO1,"preloaded,surveying,surveying-fundamentals"
Surveying,B.Tech Civil,2,Chain and Compass Surveying,"Which description best matches ""Chain surveying""?",The discrepancy between computed and known closure of a traverse.,A surveying method based mainly on linear measurements.,"The science and art of determining relative positions of points on, above or below the earth's surface.",The horizontal direction of a line expressed relative to a reference meridian.,B,1,Easy,Remember,CO2,"preloaded,surveying,chain-and-compass-surveying"
Surveying,B.Tech Civil,2,Chain and Compass Surveying,"Which term is best described as: ""The horizontal direction of a line expressed relative to a reference meridian.""",Bearing,Surveying,Local attraction,GPS,A,1,Medium,Understand,CO2,"preloaded,surveying,chain-and-compass-surveying"
Surveying,B.Tech Civil,2,Chain and Compass Surveying,"In Surveying, what does ""Local attraction""?",The horizontal direction of a line expressed relative to a reference meridian.,"An electronic instrument integrating angle measurement, distance measurement and data processing.",The discrepancy between computed and known closure of a traverse.,A magnetic disturbance causing a compass needle to deviate from the magnetic meridian.,D,1,Hard,Analyze,CO2,"preloaded,surveying,chain-and-compass-surveying"
Surveying,B.Tech Civil,3,Levelling,"Which description best matches ""Reduced level""?",The elevation of a point relative to an adopted datum.,The elevation of the line of sight of a level instrument.,Acquisition of information about an object or area without direct physical contact.,The horizontal direction of a line expressed relative to a reference meridian.,A,1,Easy,Remember,CO3,"preloaded,surveying,levelling"
Surveying,B.Tech Civil,3,Levelling,"Which term is best described as: ""The first staff reading from a setup, usually on a point of known elevation.""",Back sight,Chain surveying,Local attraction,Scale,A,1,Medium,Understand,CO3,"preloaded,surveying,levelling"
Surveying,B.Tech Civil,3,Levelling,"In Surveying, what does ""Height of instrument""?",The elevation of the line of sight of a level instrument.,"The first staff reading from a setup, usually on a point of known elevation.",The horizontal direction of a line expressed relative to a reference meridian.,The discrepancy between computed and known closure of a traverse.,A,1,Hard,Analyze,CO3,"preloaded,surveying,levelling"
Surveying,B.Tech Civil,4,Theodolite and Traversing,"Which description best matches ""Theodolite""?",An instrument used for precise measurement of horizontal and vertical angles.,The ratio between a distance on a map or drawing and the corresponding ground distance.,The elevation of the line of sight of a level instrument.,A series of connected survey lines whose lengths and directions are measured.,A,1,Easy,Remember,CO4,"preloaded,surveying,theodolite-and-traversing"
Surveying,B.Tech Civil,4,Theodolite and Traversing,"Which term is best described as: ""A series of connected survey lines whose lengths and directions are measured.""",Chain surveying,Height of instrument,Local attraction,Traverse,D,1,Medium,Understand,CO4,"preloaded,surveying,theodolite-and-traversing"
Surveying,B.Tech Civil,4,Theodolite and Traversing,"In Surveying, what does ""Closing error""?",A magnetic disturbance causing a compass needle to deviate from the magnetic meridian.,The discrepancy between computed and known closure of a traverse.,The elevation of a point relative to an adopted datum.,A series of connected survey lines whose lengths and directions are measured.,B,1,Hard,Analyze,CO4,"preloaded,surveying,theodolite-and-traversing"
Surveying,B.Tech Civil,5,Modern Surveying,"Which description best matches ""Total station""?","An electronic instrument integrating angle measurement, distance measurement and data processing.",Acquisition of information about an object or area without direct physical contact.,A series of connected survey lines whose lengths and directions are measured.,A surveying method based mainly on linear measurements.,A,1,Easy,Remember,CO5,"preloaded,surveying,modern-surveying"
Surveying,B.Tech Civil,5,Modern Surveying,"Which term is best described as: ""A satellite-based system used to determine position.""",Total station,Theodolite,Chain surveying,GPS,D,1,Medium,Understand,CO5,"preloaded,surveying,modern-surveying"
Surveying,B.Tech Civil,5,Modern Surveying,"In Surveying, what does ""Remote sensing""?",The elevation of a point relative to an adopted datum.,Acquisition of information about an object or area without direct physical contact.,The ratio between a distance on a map or drawing and the corresponding ground distance.,An instrument used for precise measurement of horizontal and vertical angles.,B,1,Hard,Analyze,CO5,"preloaded,surveying,modern-surveying"
Electronics Devices and Circuits,B.Tech ECE/EE,1,Semiconductor Diodes,"Which description best matches ""PN junction""?",A diode designed to operate reliably in reverse breakdown for voltage regulation.,A BJT amplifier configuration offering significant voltage gain with phase inversion.,The interface formed by joining p-type and n-type semiconductor regions.,Establishing a stable DC operating point for an electronic device.,C,1,Easy,Remember,CO1,"preloaded,electronics-devices-and-circuits,semiconductor-diodes"
Electronics Devices and Circuits,B.Tech ECE/EE,1,Semiconductor Diodes,"Which term is best described as: ""Biasing a PN junction to reduce its barrier and allow substantial current.""",BJT,Forward bias,Voltage gain,PN junction,B,1,Medium,Understand,CO1,"preloaded,electronics-devices-and-circuits,semiconductor-diodes"
Electronics Devices and Circuits,B.Tech ECE/EE,1,Semiconductor Diodes,"In Electronics Devices and Circuits, what does ""Zener diode""?",A diode designed to operate reliably in reverse breakdown for voltage regulation.,Biasing a PN junction to reduce its barrier and allow substantial current.,The ratio of output signal voltage to input signal voltage.,A BJT amplifier configuration offering significant voltage gain with phase inversion.,A,1,Hard,Analyze,CO1,"preloaded,electronics-devices-and-circuits,semiconductor-diodes"
Electronics Devices and Circuits,B.Tech ECE/EE,2,Transistors,"Which description best matches ""BJT""?",A diode designed to operate reliably in reverse breakdown for voltage regulation.,A bipolar junction transistor controlled primarily by base current.,Biasing a PN junction to reduce its barrier and allow substantial current.,The maximum rate of change of an op-amp output voltage.,B,1,Easy,Remember,CO2,"preloaded,electronics-devices-and-circuits,transistors"
Electronics Devices and Circuits,B.Tech ECE/EE,2,Transistors,"Which term is best described as: ""A field-effect transistor whose insulated gate controls channel conduction.""",Forward bias,MOSFET,Slew rate,Common-emitter amplifier,B,1,Medium,Understand,CO2,"preloaded,electronics-devices-and-circuits,transistors"
Electronics Devices and Circuits,B.Tech ECE/EE,2,Transistors,"In Electronics Devices and Circuits, what does ""Biasing""?",A field-effect transistor whose insulated gate controls channel conduction.,Feeding part of the output back in opposition to the input to stabilize gain and improve performance.,A diode designed to operate reliably in reverse breakdown for voltage regulation.,Establishing a stable DC operating point for an electronic device.,D,1,Hard,Analyze,CO2,"preloaded,electronics-devices-and-circuits,transistors"
Electronics Devices and Circuits,B.Tech ECE/EE,3,Amplifiers,"Which description best matches ""Voltage gain""?",Feeding part of the output back in opposition to the input to stabilize gain and improve performance.,Biasing a PN junction to reduce its barrier and allow substantial current.,A BJT amplifier configuration offering significant voltage gain with phase inversion.,The ratio of output signal voltage to input signal voltage.,D,1,Easy,Remember,CO3,"preloaded,electronics-devices-and-circuits,amplifiers"
Electronics Devices and Circuits,B.Tech ECE/EE,3,Amplifiers,"Which term is best described as: ""A BJT amplifier configuration offering significant voltage gain with phase inversion.""",Common-emitter amplifier,BJT,Zener diode,Bandwidth,A,1,Medium,Understand,CO3,"preloaded,electronics-devices-and-circuits,amplifiers"
Electronics Devices and Circuits,B.Tech ECE/EE,3,Amplifiers,"In Electronics Devices and Circuits, what does ""Bandwidth""?",A high-gain differential amplifier used with feedback for analog computation and signal conditioning.,The ratio of output signal voltage to input signal voltage.,The frequency range over which an amplifier meets a specified performance criterion.,A field-effect transistor whose insulated gate controls channel conduction.,C,1,Hard,Analyze,CO3,"preloaded,electronics-devices-and-circuits,amplifiers"
Electronics Devices and Circuits,B.Tech ECE/EE,4,Feedback and Oscillators,"Which description best matches ""Negative feedback""?",The interface formed by joining p-type and n-type semiconductor regions.,A bipolar junction transistor controlled primarily by base current.,Feeding part of the output back in opposition to the input to stabilize gain and improve performance.,A field-effect transistor whose insulated gate controls channel conduction.,C,1,Easy,Remember,CO4,"preloaded,electronics-devices-and-circuits,feedback-and-oscillators"
Electronics Devices and Circuits,B.Tech ECE/EE,4,Feedback and Oscillators,"Which term is best described as: ""A circuit that generates a periodic signal without an external periodic input.""",BJT,Common-emitter amplifier,Virtual ground,Oscillator,D,1,Medium,Understand,CO4,"preloaded,electronics-devices-and-circuits,feedback-and-oscillators"
Electronics Devices and Circuits,B.Tech ECE/EE,4,Feedback and Oscillators,"In Electronics Devices and Circuits, what does ""Barkhausen criterion""?",A common oscillation condition requiring loop gain magnitude near unity and net phase shift of 0 or 360 degrees.,A circuit that generates a periodic signal without an external periodic input.,A diode designed to operate reliably in reverse breakdown for voltage regulation.,A node held near ground potential by feedback without a direct conductive connection to ground.,A,1,Hard,Analyze,CO4,"preloaded,electronics-devices-and-circuits,feedback-and-oscillators"
Electronics Devices and Circuits,B.Tech ECE/EE,5,Operational Amplifiers,"Which description best matches ""Operational amplifier""?",The interface formed by joining p-type and n-type semiconductor regions.,Establishing a stable DC operating point for an electronic device.,A high-gain differential amplifier used with feedback for analog computation and signal conditioning.,A circuit that generates a periodic signal without an external periodic input.,C,1,Easy,Remember,CO5,"preloaded,electronics-devices-and-circuits,operational-amplifiers"
Electronics Devices and Circuits,B.Tech ECE/EE,5,Operational Amplifiers,"Which term is best described as: ""A node held near ground potential by feedback without a direct conductive connection to ground.""",Oscillator,Forward bias,Virtual ground,Bandwidth,C,1,Medium,Understand,CO5,"preloaded,electronics-devices-and-circuits,operational-amplifiers"
Electronics Devices and Circuits,B.Tech ECE/EE,5,Operational Amplifiers,"In Electronics Devices and Circuits, what does ""Slew rate""?",Establishing a stable DC operating point for an electronic device.,A high-gain differential amplifier used with feedback for analog computation and signal conditioning.,A node held near ground potential by feedback without a direct conductive connection to ground.,The maximum rate of change of an op-amp output voltage.,D,1,Hard,Analyze,CO5,"preloaded,electronics-devices-and-circuits,operational-amplifiers"
Signals and Systems,B.Tech ECE/EE,1,Signals,"Which description best matches ""Continuous-time signal""?",A representation of a signal in terms of its continuous frequency spectrum.,An integral transform widely used to analyze continuous-time systems.,A signal defined for every value of a continuous time variable.,The operation combining an input with an LTI system's impulse response to obtain output.,C,1,Easy,Remember,CO1,"preloaded,signals-and-systems,signals"
Signals and Systems,B.Tech ECE/EE,1,Signals,"Which term is best described as: ""A signal with finite total energy and zero average power under standard definitions.""",Energy signal,Periodic signal,Continuous-time signal,Causal system,A,1,Medium,Understand,CO1,"preloaded,signals-and-systems,signals"
Signals and Systems,B.Tech ECE/EE,1,Signals,"In Signals and Systems, what does ""Periodic signal""?",A representation of a signal in terms of its continuous frequency spectrum.,A signal that repeats after a fixed nonzero interval.,The output of a system when the input is an impulse.,A signal with finite total energy and zero average power under standard definitions.,B,1,Hard,Analyze,CO1,"preloaded,signals-and-systems,signals"
Signals and Systems,B.Tech ECE/EE,2,Systems,"Which description best matches ""Linear system""?",A signal defined for every value of a continuous time variable.,A system whose behavior does not change with a shift in the time origin.,A system that satisfies superposition.,A transform widely used for discrete-time sequences and systems.,C,1,Easy,Remember,CO2,"preloaded,signals-and-systems,systems"
Signals and Systems,B.Tech ECE/EE,2,Systems,"Which term is best described as: ""A system whose behavior does not change with a shift in the time origin.""",Z-transform,Time-invariant system,Periodic signal,Energy signal,B,1,Medium,Understand,CO2,"preloaded,signals-and-systems,systems"
Signals and Systems,B.Tech ECE/EE,2,Systems,"In Signals and Systems, what does ""Causal system""?",A representation of a periodic signal as a sum of harmonically related sinusoids or complex exponentials.,A system whose output at a time depends only on present and past inputs.,A system that is both linear and time invariant.,A system whose behavior does not change with a shift in the time origin.,B,1,Hard,Analyze,CO2,"preloaded,signals-and-systems,systems"
Signals and Systems,B.Tech ECE/EE,3,Convolution and LTI Systems,"Which description best matches ""Impulse response""?",The output of a system when the input is an impulse.,A signal that repeats after a fixed nonzero interval.,A system that is both linear and time invariant.,A system that satisfies superposition.,A,1,Easy,Remember,CO3,"preloaded,signals-and-systems,convolution-and-lti-systems"
Signals and Systems,B.Tech ECE/EE,3,Convolution and LTI Systems,"Which term is best described as: ""The operation combining an input with an LTI system's impulse response to obtain output.""",Convolution,Laplace transform,Region of convergence,Time-invariant system,A,1,Medium,Understand,CO3,"preloaded,signals-and-systems,convolution-and-lti-systems"
Signals and Systems,B.Tech ECE/EE,3,Convolution and LTI Systems,"In Signals and Systems, what does ""LTI system""?",A system that is both linear and time invariant.,A signal that repeats after a fixed nonzero interval.,A description of signal content as a function of frequency.,The operation combining an input with an LTI system's impulse response to obtain output.,A,1,Hard,Analyze,CO3,"preloaded,signals-and-systems,convolution-and-lti-systems"
Signals and Systems,B.Tech ECE/EE,4,Fourier Analysis,"Which description best matches ""Fourier series""?",A system whose behavior does not change with a shift in the time origin.,An integral transform widely used to analyze continuous-time systems.,A representation of a periodic signal as a sum of harmonically related sinusoids or complex exponentials.,A transform widely used for discrete-time sequences and systems.,C,1,Easy,Remember,CO4,"preloaded,signals-and-systems,fourier-analysis"
Signals and Systems,B.Tech ECE/EE,4,Fourier Analysis,"Which term is best described as: ""A representation of a signal in terms of its continuous frequency spectrum.""",Spectrum,Energy signal,Fourier transform,Time-invariant system,C,1,Medium,Understand,CO4,"preloaded,signals-and-systems,fourier-analysis"
Signals and Systems,B.Tech ECE/EE,4,Fourier Analysis,"In Signals and Systems, what does ""Spectrum""?",A description of signal content as a function of frequency.,A system that satisfies superposition.,A signal defined for every value of a continuous time variable.,A representation of a signal in terms of its continuous frequency spectrum.,A,1,Hard,Analyze,CO4,"preloaded,signals-and-systems,fourier-analysis"
Signals and Systems,B.Tech ECE/EE,5,Laplace and Z Transforms,"Which description best matches ""Laplace transform""?",An integral transform widely used to analyze continuous-time systems.,A signal with finite total energy and zero average power under standard definitions.,The set of transform-variable values for which a transform converges.,The output of a system when the input is an impulse.,A,1,Easy,Remember,CO5,"preloaded,signals-and-systems,laplace-and-z-transforms"
Signals and Systems,B.Tech ECE/EE,5,Laplace and Z Transforms,"Which term is best described as: ""A transform widely used for discrete-time sequences and systems.""",Fourier transform,Z-transform,Convolution,LTI system,B,1,Medium,Understand,CO5,"preloaded,signals-and-systems,laplace-and-z-transforms"
Signals and Systems,B.Tech ECE/EE,5,Laplace and Z Transforms,"In Signals and Systems, what does ""Region of convergence""?",The set of transform-variable values for which a transform converges.,A system whose output at a time depends only on present and past inputs.,A signal defined for every value of a continuous time variable.,A system that satisfies superposition.,A,1,Hard,Analyze,CO5,"preloaded,signals-and-systems,laplace-and-z-transforms"
Communication Systems,B.Tech ECE,1,Analog Modulation,"Which description best matches ""Amplitude modulation""?",The ratio of signal power to noise power.,Angle modulation in which instantaneous carrier frequency varies with the message.,Digital modulation using discrete carrier phase states.,Modulation in which carrier amplitude varies according to the message signal.,D,1,Easy,Remember,CO1,"preloaded,communication-systems,analog-modulation"
Communication Systems,B.Tech ECE,1,Analog Modulation,"Which term is best described as: ""Angle modulation in which instantaneous carrier frequency varies with the message.""",Superheterodyne receiver,Error-control code,Frequency modulation,PAM,C,1,Medium,Understand,CO1,"preloaded,communication-systems,analog-modulation"
Communication Systems,B.Tech ECE,1,Analog Modulation,"In Communication Systems, what does ""Modulation index""?",Digital modulation using discrete carrier phase states.,A parameter describing the extent or depth of modulation.,The fraction of transmitted bits received incorrectly.,A bandlimited signal can be reconstructed from samples taken above twice its highest frequency under ideal conditions.,B,1,Hard,Analyze,CO1,"preloaded,communication-systems,analog-modulation"
Communication Systems,B.Tech ECE,2,Noise and Receivers,"Which description best matches ""Noise figure""?",A parameter describing the extent or depth of modulation.,A bandlimited signal can be reconstructed from samples taken above twice its highest frequency under ideal conditions.,The ratio of signal power to noise power.,A measure of the degradation in signal-to-noise ratio caused by a system.,D,1,Easy,Remember,CO2,"preloaded,communication-systems,noise-and-receivers"
Communication Systems,B.Tech ECE,2,Noise and Receivers,"Which term is best described as: ""A receiver that converts incoming RF to a fixed intermediate frequency for processing.""",Channel capacity,SNR,Modulation index,Superheterodyne receiver,D,1,Medium,Understand,CO2,"preloaded,communication-systems,noise-and-receivers"
Communication Systems,B.Tech ECE,2,Noise and Receivers,"In Communication Systems, what does ""SNR""?",A coding scheme adding structured redundancy to detect or correct transmission errors.,The ratio of signal power to noise power.,Digital modulation using discrete carrier amplitude states.,A measure of average information or uncertainty of a random source.,B,1,Hard,Analyze,CO2,"preloaded,communication-systems,noise-and-receivers"
Communication Systems,B.Tech ECE,3,Pulse Modulation,"Which description best matches ""PAM""?","Pulse-amplitude modulation, where pulse amplitudes vary with the sampled signal.",Modulation in which carrier amplitude varies according to the message signal.,"Pulse-width modulation, where pulse duration varies according to the message.",A coding scheme adding structured redundancy to detect or correct transmission errors.,A,1,Easy,Remember,CO3,"preloaded,communication-systems,pulse-modulation"
Communication Systems,B.Tech ECE,3,Pulse Modulation,"Which term is best described as: ""Pulse-width modulation, where pulse duration varies according to the message.""",Sampling theorem,Error-control code,PWM,SNR,C,1,Medium,Understand,CO3,"preloaded,communication-systems,pulse-modulation"
Communication Systems,B.Tech ECE,3,Pulse Modulation,"In Communication Systems, what does ""Sampling theorem""?",Modulation in which carrier amplitude varies according to the message signal.,A measure of the degradation in signal-to-noise ratio caused by a system.,The maximum reliable information rate supported by a channel under stated conditions.,A bandlimited signal can be reconstructed from samples taken above twice its highest frequency under ideal conditions.,D,1,Hard,Analyze,CO3,"preloaded,communication-systems,pulse-modulation"
Communication Systems,B.Tech ECE,4,Digital Communication,"Which description best matches ""ASK""?",A bandlimited signal can be reconstructed from samples taken above twice its highest frequency under ideal conditions.,The fraction of transmitted bits received incorrectly.,A coding scheme adding structured redundancy to detect or correct transmission errors.,Digital modulation using discrete carrier amplitude states.,D,1,Easy,Remember,CO4,"preloaded,communication-systems,digital-communication"
Communication Systems,B.Tech ECE,4,Digital Communication,"Which term is best described as: ""Digital modulation using discrete carrier phase states.""",PWM,PSK,Entropy,Frequency modulation,B,1,Medium,Understand,CO4,"preloaded,communication-systems,digital-communication"
Communication Systems,B.Tech ECE,4,Digital Communication,"In Communication Systems, what does ""Bit error rate""?",A coding scheme adding structured redundancy to detect or correct transmission errors.,A receiver that converts incoming RF to a fixed intermediate frequency for processing.,The fraction of transmitted bits received incorrectly.,Digital modulation using discrete carrier amplitude states.,C,1,Hard,Analyze,CO4,"preloaded,communication-systems,digital-communication"
Communication Systems,B.Tech ECE,5,Information and Coding,"Which description best matches ""Entropy""?",Modulation in which carrier amplitude varies according to the message signal.,A measure of average information or uncertainty of a random source.,"Pulse-amplitude modulation, where pulse amplitudes vary with the sampled signal.",The maximum reliable information rate supported by a channel under stated conditions.,B,1,Easy,Remember,CO5,"preloaded,communication-systems,information-and-coding"
Communication Systems,B.Tech ECE,5,Information and Coding,"Which term is best described as: ""The maximum reliable information rate supported by a channel under stated conditions.""",PSK,Channel capacity,PAM,Modulation index,B,1,Medium,Understand,CO5,"preloaded,communication-systems,information-and-coding"
Communication Systems,B.Tech ECE,5,Information and Coding,"In Communication Systems, what does ""Error-control code""?","Pulse-width modulation, where pulse duration varies according to the message.",Modulation in which carrier amplitude varies according to the message signal.,A coding scheme adding structured redundancy to detect or correct transmission errors.,The maximum reliable information rate supported by a channel under stated conditions.,C,1,Hard,Analyze,CO5,"preloaded,communication-systems,information-and-coding"
Control Systems,B.Tech ECE/EE,1,System Modeling,"Which description best matches ""Transfer function""?",A dimensionless parameter describing damping in a second-order system.,The ratio of output to input in the Laplace domain with zero initial conditions for an LTI system.,A graphical representation of functional relationships among system components.,The factor by which loop gain can increase before reaching the stability boundary.,B,1,Easy,Remember,CO1,"preloaded,control-systems,system-modeling"
Control Systems,B.Tech ECE/EE,1,System Modeling,"Which term is best described as: ""A graphical representation of functional relationships among system components.""",Block diagram,PID controller,Observability,Damping ratio,A,1,Medium,Understand,CO1,"preloaded,control-systems,system-modeling"
Control Systems,B.Tech ECE/EE,1,System Modeling,"In Control Systems, what does ""State variable""?",The factor by which loop gain can increase before reaching the stability boundary.,The ability to infer internal state from measured outputs over time.,A variable in a minimal set that describes the internal state of a dynamic system.,An algebraic method for determining the number of right-half-plane roots without explicitly solving the polynomial.,C,1,Hard,Analyze,CO1,"preloaded,control-systems,system-modeling"
Control Systems,B.Tech ECE/EE,2,Time Response,"Which description best matches ""Transient response""?",The portion of output associated with adjustment from initial conditions toward steady behavior.,The ability to drive the state from an initial state to a desired state using admissible inputs.,A property describing whether system responses remain bounded or return toward equilibrium under stated conditions.,The difference between reference and output after transient effects have decayed.,A,1,Easy,Remember,CO2,"preloaded,control-systems,time-response"
Control Systems,B.Tech ECE/EE,2,Time Response,"Which term is best described as: ""The difference between reference and output after transient effects have decayed.""",Stability,Steady-state error,PID controller,State variable,B,1,Medium,Understand,CO2,"preloaded,control-systems,time-response"
Control Systems,B.Tech ECE/EE,2,Time Response,"In Control Systems, what does ""Damping ratio""?",A dimensionless parameter describing damping in a second-order system.,The ability to drive the state from an initial state to a desired state using admissible inputs.,A variable in a minimal set that describes the internal state of a dynamic system.,A plot showing how closed-loop poles move as a parameter such as gain varies.,A,1,Hard,Analyze,CO2,"preloaded,control-systems,time-response"
Control Systems,B.Tech ECE/EE,3,Stability,"Which description best matches ""Routh criterion""?",An algebraic method for determining the number of right-half-plane roots without explicitly solving the polynomial.,The factor by which loop gain can increase before reaching the stability boundary.,The ability to infer internal state from measured outputs over time.,A plot showing how closed-loop poles move as a parameter such as gain varies.,A,1,Easy,Remember,CO3,"preloaded,control-systems,stability"
Control Systems,B.Tech ECE/EE,3,Stability,"Which term is best described as: ""A plot showing how closed-loop poles move as a parameter such as gain varies.""",Root locus,Block diagram,Bode plot,Damping ratio,A,1,Medium,Understand,CO3,"preloaded,control-systems,stability"
Control Systems,B.Tech ECE/EE,3,Stability,"In Control Systems, what does ""Stability""?",The difference between reference and output after transient effects have decayed.,A graphical representation of functional relationships among system components.,A property describing whether system responses remain bounded or return toward equilibrium under stated conditions.,The ability to infer internal state from measured outputs over time.,C,1,Hard,Analyze,CO3,"preloaded,control-systems,stability"
Control Systems,B.Tech ECE/EE,4,Frequency Response,"Which description best matches ""Bode plot""?",The ratio of output to input in the Laplace domain with zero initial conditions for an LTI system.,A property describing whether system responses remain bounded or return toward equilibrium under stated conditions.,A logarithmic frequency-response plot of magnitude and phase.,A variable in a minimal set that describes the internal state of a dynamic system.,C,1,Easy,Remember,CO4,"preloaded,control-systems,frequency-response"
Control Systems,B.Tech ECE/EE,4,Frequency Response,"Which term is best described as: ""The factor by which loop gain can increase before reaching the stability boundary.""",Transient response,Controllability,Gain margin,PID controller,C,1,Medium,Understand,CO4,"preloaded,control-systems,frequency-response"
Control Systems,B.Tech ECE/EE,4,Frequency Response,"In Control Systems, what does ""Phase margin""?",A variable in a minimal set that describes the internal state of a dynamic system.,A graphical representation of functional relationships among system components.,The additional phase lag required at gain crossover to reach the stability boundary.,A logarithmic frequency-response plot of magnitude and phase.,C,1,Hard,Analyze,CO4,"preloaded,control-systems,frequency-response"
Control Systems,B.Tech ECE/EE,5,Controllers and State Space,"Which description best matches ""PID controller""?",The portion of output associated with adjustment from initial conditions toward steady behavior.,"A controller combining proportional, integral and derivative actions.",A plot showing how closed-loop poles move as a parameter such as gain varies.,A variable in a minimal set that describes the internal state of a dynamic system.,B,1,Easy,Remember,CO5,"preloaded,control-systems,controllers-and-state-space"
Control Systems,B.Tech ECE/EE,5,Controllers and State Space,"Which term is best described as: ""The ability to drive the state from an initial state to a desired state using admissible inputs.""",Controllability,Block diagram,Steady-state error,Stability,A,1,Medium,Understand,CO5,"preloaded,control-systems,controllers-and-state-space"
Control Systems,B.Tech ECE/EE,5,Controllers and State Space,"In Control Systems, what does ""Observability""?",An algebraic method for determining the number of right-half-plane roots without explicitly solving the polynomial.,A logarithmic frequency-response plot of magnitude and phase.,The ability to infer internal state from measured outputs over time.,The ratio of output to input in the Laplace domain with zero initial conditions for an LTI system.,C,1,Hard,Analyze,CO5,"preloaded,control-systems,controllers-and-state-space"
Power Systems,B.Tech EE,1,Power Generation and Transmission,"Which description best matches ""Generating station""?",A line parameter associated with electric-field energy storage.,A switching device capable of interrupting fault current.,A normalization method expressing electrical quantities relative to selected base values.,A facility that converts primary energy into electrical power.,D,1,Easy,Remember,CO1,"preloaded,power-systems,power-generation-and-transmission"
Power Systems,B.Tech EE,1,Power Generation and Transmission,"Which term is best described as: ""A system of conductors used to transfer bulk electrical power over distance.""",Differential protection,Transmission line,Load factor,Capacitance,B,1,Medium,Understand,CO1,"preloaded,power-systems,power-generation-and-transmission"
Power Systems,B.Tech EE,1,Power Generation and Transmission,"In Power Systems, what does ""Load factor""?",Average load divided by peak load over a specified period.,A device that detects abnormal electrical conditions and initiates protective action.,Protection based on comparison of currents entering and leaving a protected zone.,A line parameter associated with magnetic-field energy storage.,A,1,Hard,Analyze,CO1,"preloaded,power-systems,power-generation-and-transmission"
Power Systems,B.Tech EE,2,Line Parameters and Performance,"Which description best matches ""Inductance""?",Protection based on comparison of currents entering and leaving a protected zone.,A normalization method expressing electrical quantities relative to selected base values.,A line parameter associated with magnetic-field energy storage.,The high current flowing through a low-impedance fault path.,C,1,Easy,Remember,CO2,"preloaded,power-systems,line-parameters-and-performance"
Power Systems,B.Tech EE,2,Line Parameters and Performance,"Which term is best described as: ""A line parameter associated with electric-field energy storage.""",Capacitance,Symmetrical fault,Load factor,Differential protection,A,1,Medium,Understand,CO2,"preloaded,power-systems,line-parameters-and-performance"
Power Systems,B.Tech EE,2,Line Parameters and Performance,"In Power Systems, what does ""Voltage regulation""?",The high current flowing through a low-impedance fault path.,A balanced three-phase fault.,"The change in receiving-end voltage between specified load conditions, usually expressed as a percentage.",A normalization method expressing electrical quantities relative to selected base values.,C,1,Hard,Analyze,CO2,"preloaded,power-systems,line-parameters-and-performance"
Power Systems,B.Tech EE,3,Per Unit and Load Flow,"Which description best matches ""Per-unit system""?",Average load divided by peak load over a specified period.,A normalization method expressing electrical quantities relative to selected base values.,"A method of representing unbalanced three-phase quantities using positive, negative and zero sequences.",A balanced three-phase fault.,B,1,Easy,Remember,CO3,"preloaded,power-systems,per-unit-and-load-flow"
Power Systems,B.Tech EE,3,Per Unit and Load Flow,"Which term is best described as: ""A network node where generators, loads or transmission elements are connected.""",Bus,Transmission line,Differential protection,Capacitance,A,1,Medium,Understand,CO3,"preloaded,power-systems,per-unit-and-load-flow"
Power Systems,B.Tech EE,3,Per Unit and Load Flow,"In Power Systems, what does ""Load flow""?",A line parameter associated with electric-field energy storage.,"A steady-state calculation of bus voltages, power flows and losses.",A normalization method expressing electrical quantities relative to selected base values.,A facility that converts primary energy into electrical power.,B,1,Hard,Analyze,CO3,"preloaded,power-systems,per-unit-and-load-flow"
Power Systems,B.Tech EE,4,Fault Analysis,"Which description best matches ""Symmetrical fault""?",A switching device capable of interrupting fault current.,"A method of representing unbalanced three-phase quantities using positive, negative and zero sequences.",A balanced three-phase fault.,"The change in receiving-end voltage between specified load conditions, usually expressed as a percentage.",C,1,Easy,Remember,CO4,"preloaded,power-systems,fault-analysis"
Power Systems,B.Tech EE,4,Fault Analysis,"Which term is best described as: ""The high current flowing through a low-impedance fault path.""",Relay,Short-circuit current,Load flow,Voltage regulation,B,1,Medium,Understand,CO4,"preloaded,power-systems,fault-analysis"
Power Systems,B.Tech EE,4,Fault Analysis,"In Power Systems, what does ""Sequence components""?",A line parameter associated with magnetic-field energy storage.,"A method of representing unbalanced three-phase quantities using positive, negative and zero sequences.",A line parameter associated with electric-field energy storage.,"A network node where generators, loads or transmission elements are connected.",B,1,Hard,Analyze,CO4,"preloaded,power-systems,fault-analysis"
Power Systems,B.Tech EE,5,Protection,"Which description best matches ""Relay""?","A steady-state calculation of bus voltages, power flows and losses.",A line parameter associated with magnetic-field energy storage.,A device that detects abnormal electrical conditions and initiates protective action.,The high current flowing through a low-impedance fault path.,C,1,Easy,Remember,CO5,"preloaded,power-systems,protection"
Power Systems,B.Tech EE,5,Protection,"Which term is best described as: ""A switching device capable of interrupting fault current.""",Bus,Differential protection,Load factor,Circuit breaker,D,1,Medium,Understand,CO5,"preloaded,power-systems,protection"
Power Systems,B.Tech EE,5,Protection,"In Power Systems, what does ""Differential protection""?",A system of conductors used to transfer bulk electrical power over distance.,A device that detects abnormal electrical conditions and initiates protective action.,A balanced three-phase fault.,Protection based on comparison of currents entering and leaving a protected zone.,D,1,Hard,Analyze,CO5,"preloaded,power-systems,protection"
Power Electronics,B.Tech EE/ECE,1,Power Semiconductor Devices,"Which description best matches ""SCR""?",A thyristor that latches on after triggering and conducts until current falls below its holding level.,A drive that controls AC motor speed by adjusting supply frequency and voltage.,The fraction of a switching period for which a controlled switch is on.,A converter that changes DC to AC.,A,1,Easy,Remember,CO1,"preloaded,power-electronics,power-semiconductor-devices"
Power Electronics,B.Tech EE/ECE,1,Power Semiconductor Devices,"Which term is best described as: ""A voltage-controlled power device combining MOS gate characteristics with bipolar conduction.""",MOSFET,SCR,IGBT,Boost converter,C,1,Medium,Understand,CO1,"preloaded,power-electronics,power-semiconductor-devices"
Power Electronics,B.Tech EE/ECE,1,Power Semiconductor Devices,"In Power Electronics, what does ""MOSFET""?",Pulse-width modulation used to control switching patterns and output waveform.,A thyristor that latches on after triggering and conducts until current falls below its holding level.,A fast voltage-controlled semiconductor switch widely used in power converters.,A voltage-controlled power device combining MOS gate characteristics with bipolar conduction.,C,1,Hard,Analyze,CO1,"preloaded,power-electronics,power-semiconductor-devices"
Power Electronics,B.Tech EE/ECE,2,Rectifiers,"Which description best matches ""Rectifier""?",A fast voltage-controlled semiconductor switch widely used in power converters.,"A converter that directly changes AC at one frequency to AC at another, usually lower, frequency.",A converter that changes AC to DC.,A voltage-controlled power device combining MOS gate characteristics with bipolar conduction.,C,1,Easy,Remember,CO2,"preloaded,power-electronics,rectifiers"
Power Electronics,B.Tech EE/ECE,2,Rectifiers,"Which term is best described as: ""The delay angle used to control conduction of a thyristor in a controlled rectifier.""",Firing angle,Duty cycle,Cycloconverter,PWM,A,1,Medium,Understand,CO2,"preloaded,power-electronics,rectifiers"
Power Electronics,B.Tech EE/ECE,2,Rectifiers,"In Power Electronics, what does ""Ripple""?",A four-switch topology capable of applying either polarity of a DC source to a load.,The delay angle used to control conduction of a thyristor in a controlled rectifier.,The residual periodic variation in a rectifier's DC output.,A converter that changes AC to DC.,C,1,Hard,Analyze,CO2,"preloaded,power-electronics,rectifiers"
Power Electronics,B.Tech EE/ECE,3,DC-DC Converters,"Which description best matches ""Buck converter""?",The residual periodic variation in a rectifier's DC output.,A thyristor that latches on after triggering and conducts until current falls below its holding level.,A converter that changes DC to AC.,A DC-DC converter that ideally steps voltage down.,D,1,Easy,Remember,CO3,"preloaded,power-electronics,dc-dc-converters"
Power Electronics,B.Tech EE/ECE,3,DC-DC Converters,"Which term is best described as: ""A DC-DC converter that ideally steps voltage up.""",AC voltage controller,Firing angle,Boost converter,Inverter,C,1,Medium,Understand,CO3,"preloaded,power-electronics,dc-dc-converters"
Power Electronics,B.Tech EE/ECE,3,DC-DC Converters,"In Power Electronics, what does ""Duty cycle""?",The fraction of a switching period for which a controlled switch is on.,A drive that controls AC motor speed by adjusting supply frequency and voltage.,A converter that changes AC to DC.,A four-switch topology capable of applying either polarity of a DC source to a load.,A,1,Hard,Analyze,CO3,"preloaded,power-electronics,dc-dc-converters"
Power Electronics,B.Tech EE/ECE,4,Inverters,"Which description best matches ""Inverter""?",The fraction of a switching period for which a controlled switch is on.,"A converter that directly changes AC at one frequency to AC at another, usually lower, frequency.",A DC-DC converter that ideally steps voltage up.,A converter that changes DC to AC.,D,1,Easy,Remember,CO4,"preloaded,power-electronics,inverters"
Power Electronics,B.Tech EE/ECE,4,Inverters,"Which term is best described as: ""Pulse-width modulation used to control switching patterns and output waveform.""",Inverter,PWM,Variable-frequency drive,Boost converter,B,1,Medium,Understand,CO4,"preloaded,power-electronics,inverters"
Power Electronics,B.Tech EE/ECE,4,Inverters,"In Power Electronics, what does ""H-bridge""?",A thyristor that latches on after triggering and conducts until current falls below its holding level.,A converter that changes DC to AC.,A converter that changes AC to DC.,A four-switch topology capable of applying either polarity of a DC source to a load.,D,1,Hard,Analyze,CO4,"preloaded,power-electronics,inverters"
Power Electronics,B.Tech EE/ECE,5,AC Controllers and Drives,"Which description best matches ""AC voltage controller""?",A voltage-controlled power device combining MOS gate characteristics with bipolar conduction.,A converter that changes DC to AC.,Pulse-width modulation used to control switching patterns and output waveform.,A converter that controls RMS AC voltage delivered to a load without changing frequency.,D,1,Easy,Remember,CO5,"preloaded,power-electronics,ac-controllers-and-drives"
Power Electronics,B.Tech EE/ECE,5,AC Controllers and Drives,"Which term is best described as: ""A converter that directly changes AC at one frequency to AC at another, usually lower, frequency.""",Variable-frequency drive,Duty cycle,IGBT,Cycloconverter,D,1,Medium,Understand,CO5,"preloaded,power-electronics,ac-controllers-and-drives"
Power Electronics,B.Tech EE/ECE,5,AC Controllers and Drives,"In Power Electronics, what does ""Variable-frequency drive""?",A four-switch topology capable of applying either polarity of a DC source to a load.,A drive that controls AC motor speed by adjusting supply frequency and voltage.,A voltage-controlled power device combining MOS gate characteristics with bipolar conduction.,"A converter that directly changes AC at one frequency to AC at another, usually lower, frequency.",B,1,Hard,Analyze,CO5,"preloaded,power-electronics,ac-controllers-and-drives"
Heat Transfer,B.Tech Mechanical,1,Conduction,"Which description best matches ""Fourier law""?",Log mean temperature difference used as an effective temperature driving force in heat exchangers.,A measure of opposition to heat flow.,A transient analysis method assuming spatially uniform body temperature when internal gradients are negligible.,The heat-conduction rate is proportional to temperature gradient and thermal conductivity.,D,1,Easy,Remember,CO1,"preloaded,heat-transfer,conduction"
Heat Transfer,B.Tech Mechanical,1,Conduction,"Which term is best described as: ""A material property measuring ability to conduct heat.""",Thermal conductivity,Fin,Lumped capacitance method,Heat exchanger,A,1,Medium,Understand,CO1,"preloaded,heat-transfer,conduction"
Heat Transfer,B.Tech Mechanical,1,Conduction,"In Heat Transfer, what does ""Thermal resistance""?",A measure of opposition to heat flow.,An ideal surface that absorbs all incident radiation and emits the maximum possible radiation at a given temperature.,The ratio of actual heat transfer to the maximum thermodynamically possible heat transfer.,Heat transfer between a surface and moving fluid involving conduction and fluid motion.,A,1,Hard,Analyze,CO1,"preloaded,heat-transfer,conduction"
Heat Transfer,B.Tech Mechanical,2,Extended Surfaces and Transient Conduction,"Which description best matches ""Fin""?",The ratio of radiation emitted by a real surface to that emitted by a blackbody at the same temperature.,An extended surface used to increase heat transfer area.,A device that transfers heat between fluids at different temperatures.,An ideal surface that absorbs all incident radiation and emits the maximum possible radiation at a given temperature.,B,1,Easy,Remember,CO2,"preloaded,heat-transfer,extended-surfaces-and-transient-conduction"
Heat Transfer,B.Tech Mechanical,2,Extended Surfaces and Transient Conduction,"Which term is best described as: ""A dimensionless ratio comparing internal conduction resistance with surface convection resistance.""",Fourier law,Fin,Thermal resistance,Biot number,D,1,Medium,Understand,CO2,"preloaded,heat-transfer,extended-surfaces-and-transient-conduction"
Heat Transfer,B.Tech Mechanical,2,Extended Surfaces and Transient Conduction,"In Heat Transfer, what does ""Lumped capacitance method""?",A transient analysis method assuming spatially uniform body temperature when internal gradients are negligible.,Heat transfer between a surface and moving fluid involving conduction and fluid motion.,An extended surface used to increase heat transfer area.,The heat-conduction rate is proportional to temperature gradient and thermal conductivity.,A,1,Hard,Analyze,CO2,"preloaded,heat-transfer,extended-surfaces-and-transient-conduction"
Heat Transfer,B.Tech Mechanical,3,Convection,"Which description best matches ""Convection""?",Log mean temperature difference used as an effective temperature driving force in heat exchangers.,Heat transfer between a surface and moving fluid involving conduction and fluid motion.,An ideal surface that absorbs all incident radiation and emits the maximum possible radiation at a given temperature.,A transient analysis method assuming spatially uniform body temperature when internal gradients are negligible.,B,1,Easy,Remember,CO3,"preloaded,heat-transfer,convection"
Heat Transfer,B.Tech Mechanical,3,Convection,"Which term is best described as: ""A dimensionless measure of convective heat transfer relative to pure conduction.""",Heat exchanger,Fin,Thermal resistance,Nusselt number,D,1,Medium,Understand,CO3,"preloaded,heat-transfer,convection"
Heat Transfer,B.Tech Mechanical,3,Convection,"In Heat Transfer, what does ""Boundary layer""?",An extended surface used to increase heat transfer area.,A near-surface region where velocity or temperature changes from wall conditions to free-stream values.,Heat transfer between a surface and moving fluid involving conduction and fluid motion.,A law relating blackbody emissive power to the fourth power of absolute temperature.,B,1,Hard,Analyze,CO3,"preloaded,heat-transfer,convection"
Heat Transfer,B.Tech Mechanical,4,Radiation,"Which description best matches ""Blackbody""?",Heat transfer between a surface and moving fluid involving conduction and fluid motion.,An ideal surface that absorbs all incident radiation and emits the maximum possible radiation at a given temperature.,The ratio of radiation emitted by a real surface to that emitted by a blackbody at the same temperature.,Log mean temperature difference used as an effective temperature driving force in heat exchangers.,B,1,Easy,Remember,CO4,"preloaded,heat-transfer,radiation"
Heat Transfer,B.Tech Mechanical,4,Radiation,"Which term is best described as: ""The ratio of radiation emitted by a real surface to that emitted by a blackbody at the same temperature.""",Emissivity,Fourier law,Lumped capacitance method,LMTD,A,1,Medium,Understand,CO4,"preloaded,heat-transfer,radiation"
Heat Transfer,B.Tech Mechanical,4,Radiation,"In Heat Transfer, what does ""Stefan-Boltzmann law""?",A measure of opposition to heat flow.,A law relating blackbody emissive power to the fourth power of absolute temperature.,The ratio of radiation emitted by a real surface to that emitted by a blackbody at the same temperature.,An extended surface used to increase heat transfer area.,B,1,Hard,Analyze,CO4,"preloaded,heat-transfer,radiation"
Heat Transfer,B.Tech Mechanical,5,Heat Exchangers,"Which description best matches ""Heat exchanger""?",An extended surface used to increase heat transfer area.,An ideal surface that absorbs all incident radiation and emits the maximum possible radiation at a given temperature.,A law relating blackbody emissive power to the fourth power of absolute temperature.,A device that transfers heat between fluids at different temperatures.,D,1,Easy,Remember,CO5,"preloaded,heat-transfer,heat-exchangers"
Heat Transfer,B.Tech Mechanical,5,Heat Exchangers,"Which term is best described as: ""Log mean temperature difference used as an effective temperature driving force in heat exchangers.""",Effectiveness,LMTD,Thermal resistance,Nusselt number,B,1,Medium,Understand,CO5,"preloaded,heat-transfer,heat-exchangers"
Heat Transfer,B.Tech Mechanical,5,Heat Exchangers,"In Heat Transfer, what does ""Effectiveness""?",The ratio of actual heat transfer to the maximum thermodynamically possible heat transfer.,The heat-conduction rate is proportional to temperature gradient and thermal conductivity.,An ideal surface that absorbs all incident radiation and emits the maximum possible radiation at a given temperature.,A dimensionless ratio comparing internal conduction resistance with surface convection resistance.,A,1,Hard,Analyze,CO5,"preloaded,heat-transfer,heat-exchangers"
Manufacturing Processes,B.Tech Mechanical,1,Casting,"Which description best matches ""Pattern""?",A fusion process using an electric arc as the heat source.,A casting process using expendable sand molds.,A replica used to create the mold cavity for casting.,A process reducing or shaping metal by passing it between rotating rolls.,C,1,Easy,Remember,CO1,"preloaded,manufacturing-processes,casting"
Manufacturing Processes,B.Tech Mechanical,1,Casting,"Which term is best described as: ""A reservoir that supplies molten metal to compensate for solidification shrinkage.""",Brazing,Riser,Forging,Turning,B,1,Medium,Understand,CO1,"preloaded,manufacturing-processes,casting"
Manufacturing Processes,B.Tech Mechanical,1,Casting,"In Manufacturing Processes, what does ""Sand casting""?",A machining process where a rotating workpiece is cut by a tool.,A reservoir that supplies molten metal to compensate for solidification shrinkage.,"Shaping metal through compressive forces, often using dies or hammers.",A casting process using expendable sand molds.,D,1,Hard,Analyze,CO1,"preloaded,manufacturing-processes,casting"
Manufacturing Processes,B.Tech Mechanical,2,Metal Forming,"Which description best matches ""Rolling""?","Shaping metal through compressive forces, often using dies or hammers.",A process reducing or shaping metal by passing it between rotating rolls.,A joining process using a filler metal melting above 450°C but below the base-metal melting point.,A replica used to create the mold cavity for casting.,B,1,Easy,Remember,CO2,"preloaded,manufacturing-processes,metal-forming"
Manufacturing Processes,B.Tech Mechanical,2,Metal Forming,"Which term is best described as: ""Shaping metal through compressive forces, often using dies or hammers.""",Milling,Turning,Pattern,Forging,D,1,Medium,Understand,CO2,"preloaded,manufacturing-processes,metal-forming"
Manufacturing Processes,B.Tech Mechanical,2,Metal Forming,"In Manufacturing Processes, what does ""Extrusion""?",A reservoir that supplies molten metal to compensate for solidification shrinkage.,Forcing material through a die opening to produce a constant cross-section.,"Electrical discharge machining, which removes conductive material using controlled electrical sparks.",A machining process where a rotating workpiece is cut by a tool.,B,1,Hard,Analyze,CO2,"preloaded,manufacturing-processes,metal-forming"
Manufacturing Processes,B.Tech Mechanical,3,Machining,"Which description best matches ""Turning""?",A machining process where a rotating workpiece is cut by a tool.,Building components layer by layer from digital geometry.,A fusion process using an electric arc as the heat source.,A reservoir that supplies molten metal to compensate for solidification shrinkage.,A,1,Easy,Remember,CO3,"preloaded,manufacturing-processes,machining"
Manufacturing Processes,B.Tech Mechanical,3,Machining,"Which term is best described as: ""A machining process using a rotating multi-edge cutter.""",Tool wear,CNC,Additive manufacturing,Milling,D,1,Medium,Understand,CO3,"preloaded,manufacturing-processes,machining"
Manufacturing Processes,B.Tech Mechanical,3,Machining,"In Manufacturing Processes, what does ""Tool wear""?",Forcing material through a die opening to produce a constant cross-section.,A joining process using a filler metal melting above 450°C but below the base-metal melting point.,A machining process using a rotating multi-edge cutter.,Progressive loss or alteration of cutting-tool material during machining.,D,1,Hard,Analyze,CO3,"preloaded,manufacturing-processes,machining"
Manufacturing Processes,B.Tech Mechanical,4,Welding and Joining,"Which description best matches ""Arc welding""?","Shaping metal through compressive forces, often using dies or hammers.",A fusion process using an electric arc as the heat source.,A machining process using a rotating multi-edge cutter.,A machining process where a rotating workpiece is cut by a tool.,B,1,Easy,Remember,CO4,"preloaded,manufacturing-processes,welding-and-joining"
Manufacturing Processes,B.Tech Mechanical,4,Welding and Joining,"Which term is best described as: ""A joining process using a filler metal melting above 450°C but below the base-metal melting point.""",Brazing,Forging,Riser,Turning,A,1,Medium,Understand,CO4,"preloaded,manufacturing-processes,welding-and-joining"
Manufacturing Processes,B.Tech Mechanical,4,Welding and Joining,"In Manufacturing Processes, what does ""Soldering""?",A casting process using expendable sand molds.,A reservoir that supplies molten metal to compensate for solidification shrinkage.,"A joining process using a lower-temperature filler metal, typically below 450°C.",A machining process using a rotating multi-edge cutter.,C,1,Hard,Analyze,CO4,"preloaded,manufacturing-processes,welding-and-joining"
Manufacturing Processes,B.Tech Mechanical,5,Advanced Manufacturing,"Which description best matches ""EDM""?",A process reducing or shaping metal by passing it between rotating rolls.,"Electrical discharge machining, which removes conductive material using controlled electrical sparks.","Shaping metal through compressive forces, often using dies or hammers.",A machining process where a rotating workpiece is cut by a tool.,B,1,Easy,Remember,CO5,"preloaded,manufacturing-processes,advanced-manufacturing"
Manufacturing Processes,B.Tech Mechanical,5,Advanced Manufacturing,"Which term is best described as: ""Computer numerical control of machine tools using programmed instructions.""",Riser,Pattern,CNC,Additive manufacturing,C,1,Medium,Understand,CO5,"preloaded,manufacturing-processes,advanced-manufacturing"
Manufacturing Processes,B.Tech Mechanical,5,Advanced Manufacturing,"In Manufacturing Processes, what does ""Additive manufacturing""?",Building components layer by layer from digital geometry.,"A joining process using a lower-temperature filler metal, typically below 450°C.","Electrical discharge machining, which removes conductive material using controlled electrical sparks.",A fusion process using an electric arc as the heat source.,A,1,Hard,Analyze,CO5,"preloaded,manufacturing-processes,advanced-manufacturing"
Theory of Machines,B.Tech Mechanical,1,Kinematics of Mechanisms,"Which description best matches ""Link""?",A joint between two links that constrains their relative motion.,The velocity of one point measured with respect to another.,A device that regulates mean engine speed as load changes.,A resistant body connecting other elements in a mechanism.,D,1,Easy,Remember,CO1,"preloaded,theory-of-machines,kinematics-of-mechanisms"
Theory of Machines,B.Tech Mechanical,1,Kinematics of Mechanisms,"Which term is best described as: ""A joint between two links that constrains their relative motion.""",Kinematic pair,Link,Gear ratio,Coefficient of fluctuation of speed,A,1,Medium,Understand,CO1,"preloaded,theory-of-machines,kinematics-of-mechanisms"
Theory of Machines,B.Tech Mechanical,1,Kinematics of Mechanisms,"In Theory of Machines, what does ""Degree of freedom""?",The number of independent coordinates needed to define a mechanism's configuration.,Large response that can occur when forcing frequency approaches a system's natural frequency.,A rotating energy-storage element used to reduce cyclic speed fluctuation.,A device that regulates mean engine speed as load changes.,A,1,Hard,Analyze,CO1,"preloaded,theory-of-machines,kinematics-of-mechanisms"
Theory of Machines,B.Tech Mechanical,2,Velocity and Acceleration,"Which description best matches ""Instantaneous center""?",Large response that can occur when forcing frequency approaches a system's natural frequency.,A ratio relating rotational speeds or tooth counts of meshing gears.,A resistant body connecting other elements in a mechanism.,A point about which a planar rigid body is instantaneously rotating.,D,1,Easy,Remember,CO2,"preloaded,theory-of-machines,velocity-and-acceleration"
Theory of Machines,B.Tech Mechanical,2,Velocity and Acceleration,"Which term is best described as: ""The velocity of one point measured with respect to another.""",Cam,Natural frequency,Relative velocity,Coefficient of fluctuation of speed,C,1,Medium,Understand,CO2,"preloaded,theory-of-machines,velocity-and-acceleration"
Theory of Machines,B.Tech Mechanical,2,Velocity and Acceleration,"In Theory of Machines, what does ""Coriolis acceleration""?",An acceleration component arising when relative motion occurs along a rotating link.,The number of independent coordinates needed to define a mechanism's configuration.,A device that regulates mean engine speed as load changes.,Reducing unbalanced forces and moments caused by moving masses.,A,1,Hard,Analyze,CO2,"preloaded,theory-of-machines,velocity-and-acceleration"
Theory of Machines,B.Tech Mechanical,3,Cams and Gears,"Which description best matches ""Cam""?",A ratio relating rotational speeds or tooth counts of meshing gears.,The frequency at which a system tends to vibrate freely.,Large response that can occur when forcing frequency approaches a system's natural frequency.,A shaped driver that imparts prescribed motion to a follower.,D,1,Easy,Remember,CO3,"preloaded,theory-of-machines,cams-and-gears"
Theory of Machines,B.Tech Mechanical,3,Cams and Gears,"Which term is best described as: ""A ratio relating rotational speeds or tooth counts of meshing gears.""",Instantaneous center,Resonance,Gear ratio,Cam,C,1,Medium,Understand,CO3,"preloaded,theory-of-machines,cams-and-gears"
Theory of Machines,B.Tech Mechanical,3,Cams and Gears,"In Theory of Machines, what does ""Pressure angle""?",The angle between the line of action and the common tangent to pitch circles in gears.,A resistant body connecting other elements in a mechanism.,Reducing unbalanced forces and moments caused by moving masses.,The velocity of one point measured with respect to another.,A,1,Hard,Analyze,CO3,"preloaded,theory-of-machines,cams-and-gears"
Theory of Machines,B.Tech Mechanical,4,Flywheels and Governors,"Which description best matches ""Flywheel""?",Large response that can occur when forcing frequency approaches a system's natural frequency.,The angle between the line of action and the common tangent to pitch circles in gears.,A rotating energy-storage element used to reduce cyclic speed fluctuation.,A ratio describing the variation of speed about its mean.,C,1,Easy,Remember,CO4,"preloaded,theory-of-machines,flywheels-and-governors"
Theory of Machines,B.Tech Mechanical,4,Flywheels and Governors,"Which term is best described as: ""A device that regulates mean engine speed as load changes.""",Natural frequency,Kinematic pair,Governor,Link,C,1,Medium,Understand,CO4,"preloaded,theory-of-machines,flywheels-and-governors"
Theory of Machines,B.Tech Mechanical,4,Flywheels and Governors,"In Theory of Machines, what does ""Coefficient of fluctuation of speed""?",A ratio relating rotational speeds or tooth counts of meshing gears.,A ratio describing the variation of speed about its mean.,The angle between the line of action and the common tangent to pitch circles in gears.,A rotating energy-storage element used to reduce cyclic speed fluctuation.,B,1,Hard,Analyze,CO4,"preloaded,theory-of-machines,flywheels-and-governors"
Theory of Machines,B.Tech Mechanical,5,Balancing and Vibrations,"Which description best matches ""Balancing""?",An acceleration component arising when relative motion occurs along a rotating link.,A shaped driver that imparts prescribed motion to a follower.,A point about which a planar rigid body is instantaneously rotating.,Reducing unbalanced forces and moments caused by moving masses.,D,1,Easy,Remember,CO5,"preloaded,theory-of-machines,balancing-and-vibrations"
Theory of Machines,B.Tech Mechanical,5,Balancing and Vibrations,"Which term is best described as: ""The frequency at which a system tends to vibrate freely.""",Natural frequency,Balancing,Relative velocity,Instantaneous center,A,1,Medium,Understand,CO5,"preloaded,theory-of-machines,balancing-and-vibrations"
Theory of Machines,B.Tech Mechanical,5,Balancing and Vibrations,"In Theory of Machines, what does ""Resonance""?",Large response that can occur when forcing frequency approaches a system's natural frequency.,A ratio describing the variation of speed about its mean.,A device that regulates mean engine speed as load changes.,Reducing unbalanced forces and moments caused by moving masses.,A,1,Hard,Analyze,CO5,"preloaded,theory-of-machines,balancing-and-vibrations"
Structural Analysis,B.Tech Civil,1,Determinacy and Stability,"Which description best matches ""Statically determinate structure""?",An analysis method using redundant forces as primary unknowns.,The greatest value of a structural action produced as a moving load changes position.,Elastic energy stored due to deformation.,A structure whose reactions and internal forces can be found using equilibrium equations alone.,D,1,Easy,Remember,CO1,"preloaded,structural-analysis,determinacy-and-stability"
Structural Analysis,B.Tech Civil,1,Determinacy and Stability,"Which term is best described as: ""The number of additional force unknowns beyond available independent equilibrium equations.""",Statically determinate structure,Influence line,Slope-deflection method,Indeterminacy,D,1,Medium,Understand,CO1,"preloaded,structural-analysis,determinacy-and-stability"
Structural Analysis,B.Tech Civil,1,Determinacy and Stability,"In Structural Analysis, what does ""Stability""?",The angular rotation of the elastic curve of a beam.,A load whose position changes along a structure.,A virtual-work method for computing structural displacements using an auxiliary unit load.,The ability of a structure to maintain a bounded configuration under small disturbances and loads.,D,1,Hard,Analyze,CO1,"preloaded,structural-analysis,determinacy-and-stability"
Structural Analysis,B.Tech Civil,2,Deflection of Beams,"Which description best matches ""Slope""?",The angular rotation of the elastic curve of a beam.,Conditions requiring deformations of connected structural parts to fit together consistently.,The ability of a structure to maintain a bounded configuration under small disturbances and loads.,An analysis method using redundant forces as primary unknowns.,A,1,Easy,Remember,CO2,"preloaded,structural-analysis,deflection-of-beams"
Structural Analysis,B.Tech Civil,2,Deflection of Beams,"Which term is best described as: ""The displacement of a structural point from its unloaded position.""",Deflection,Moving load,Indeterminacy,Slope,A,1,Medium,Understand,CO2,"preloaded,structural-analysis,deflection-of-beams"
Structural Analysis,B.Tech Civil,2,Deflection of Beams,"In Structural Analysis, what does ""Moment-area method""?",A beam-deflection method based on areas under the M/EI diagram.,A virtual-work method for computing structural displacements using an auxiliary unit load.,A displacement method relating member end moments to joint rotations and translations.,An analysis method using redundant forces as primary unknowns.,A,1,Hard,Analyze,CO2,"preloaded,structural-analysis,deflection-of-beams"
Structural Analysis,B.Tech Civil,3,Energy Methods,"Which description best matches ""Strain energy""?",Conditions requiring deformations of connected structural parts to fit together consistently.,Elastic energy stored due to deformation.,The angular rotation of the elastic curve of a beam.,The greatest value of a structural action produced as a moving load changes position.,B,1,Easy,Remember,CO3,"preloaded,structural-analysis,energy-methods"
Structural Analysis,B.Tech Civil,3,Energy Methods,"Which term is best described as: ""A method relating derivatives of strain energy to corresponding displacements.""",Strain energy,Castigliano theorem,Maximum response,Force method,B,1,Medium,Understand,CO3,"preloaded,structural-analysis,energy-methods"
Structural Analysis,B.Tech Civil,3,Energy Methods,"In Structural Analysis, what does ""Unit-load method""?",A virtual-work method for computing structural displacements using an auxiliary unit load.,An analysis method using redundant forces as primary unknowns.,The displacement of a structural point from its unloaded position.,A load whose position changes along a structure.,A,1,Hard,Analyze,CO3,"preloaded,structural-analysis,energy-methods"
Structural Analysis,B.Tech Civil,4,Indeterminate Structures,"Which description best matches ""Compatibility""?",A method relating derivatives of strain energy to corresponding displacements.,A structure whose reactions and internal forces can be found using equilibrium equations alone.,A beam-deflection method based on areas under the M/EI diagram.,Conditions requiring deformations of connected structural parts to fit together consistently.,D,1,Easy,Remember,CO4,"preloaded,structural-analysis,indeterminate-structures"
Structural Analysis,B.Tech Civil,4,Indeterminate Structures,"Which term is best described as: ""An analysis method using redundant forces as primary unknowns.""",Force method,Moment-area method,Slope-deflection method,Indeterminacy,A,1,Medium,Understand,CO4,"preloaded,structural-analysis,indeterminate-structures"
Structural Analysis,B.Tech Civil,4,Indeterminate Structures,"In Structural Analysis, what does ""Slope-deflection method""?",Conditions requiring deformations of connected structural parts to fit together consistently.,A displacement method relating member end moments to joint rotations and translations.,The angular rotation of the elastic curve of a beam.,A load whose position changes along a structure.,B,1,Hard,Analyze,CO4,"preloaded,structural-analysis,indeterminate-structures"
Structural Analysis,B.Tech Civil,5,Moving Loads and Influence Lines,"Which description best matches ""Influence line""?",The displacement of a structural point from its unloaded position.,A diagram showing how a response quantity at a fixed point varies as a unit load moves across a structure.,An analysis method using redundant forces as primary unknowns.,A method relating derivatives of strain energy to corresponding displacements.,B,1,Easy,Remember,CO5,"preloaded,structural-analysis,moving-loads-and-influence-lines"
Structural Analysis,B.Tech Civil,5,Moving Loads and Influence Lines,"Which term is best described as: ""A load whose position changes along a structure.""",Moving load,Deflection,Influence line,Moment-area method,A,1,Medium,Understand,CO5,"preloaded,structural-analysis,moving-loads-and-influence-lines"
Structural Analysis,B.Tech Civil,5,Moving Loads and Influence Lines,"In Structural Analysis, what does ""Maximum response""?",The displacement of a structural point from its unloaded position.,Conditions requiring deformations of connected structural parts to fit together consistently.,The greatest value of a structural action produced as a moving load changes position.,A displacement method relating member end moments to joint rotations and translations.,C,1,Hard,Analyze,CO5,"preloaded,structural-analysis,moving-loads-and-influence-lines"
Geotechnical Engineering,B.Tech Civil,1,Soil Properties,"Which description best matches ""Void ratio""?",The ratio of volume of voids to volume of solids in soil.,Water-content boundaries defining consistency states of fine-grained soils.,"The stress carried by the soil skeleton, equal to total stress minus pore-water pressure.",The ability of soil to support foundation loads without shear failure.,A,1,Easy,Remember,CO1,"preloaded,geotechnical-engineering,soil-properties"
Geotechnical Engineering,B.Tech Civil,1,Soil Properties,"Which term is best described as: ""The fraction of total soil volume occupied by voids.""",Darcy law,Porosity,Proctor test,Atterberg limits,B,1,Medium,Understand,CO1,"preloaded,geotechnical-engineering,soil-properties"
Geotechnical Engineering,B.Tech Civil,1,Soil Properties,"In Geotechnical Engineering, what does ""Water content""?",Downward movement of a foundation due to deformation or compression of supporting soil.,The ability of soil to support foundation loads without shear failure.,The ratio of mass of water to mass of dry soil solids.,A relation stating that discharge through porous media is proportional to hydraulic gradient under appropriate conditions.,C,1,Hard,Analyze,CO1,"preloaded,geotechnical-engineering,soil-properties"
Geotechnical Engineering,B.Tech Civil,2,Soil Classification and Compaction,"Which description best matches ""Atterberg limits""?",The water content at which a specified compactive effort produces maximum dry density.,A relation stating that discharge through porous media is proportional to hydraulic gradient under appropriate conditions.,The ratio of mass of water to mass of dry soil solids.,Water-content boundaries defining consistency states of fine-grained soils.,D,1,Easy,Remember,CO2,"preloaded,geotechnical-engineering,soil-classification-and-compaction"
Geotechnical Engineering,B.Tech Civil,2,Soil Classification and Compaction,"Which term is best described as: ""A laboratory compaction test used to determine dry-density and moisture relationships.""",Atterberg limits,Proctor test,Void ratio,Shear strength,B,1,Medium,Understand,CO2,"preloaded,geotechnical-engineering,soil-classification-and-compaction"
Geotechnical Engineering,B.Tech Civil,2,Soil Classification and Compaction,"In Geotechnical Engineering, what does ""Optimum moisture content""?",Time-dependent volume decrease of saturated soil caused by drainage under load.,The water content at which a specified compactive effort produces maximum dry density.,The ratio of mass of water to mass of dry soil solids.,A laboratory compaction test used to determine dry-density and moisture relationships.,B,1,Hard,Analyze,CO2,"preloaded,geotechnical-engineering,soil-classification-and-compaction"
Geotechnical Engineering,B.Tech Civil,3,Permeability and Seepage,"Which description best matches ""Permeability""?",Water-content boundaries defining consistency states of fine-grained soils.,The ratio of volume of voids to volume of solids in soil.,The ability of soil to transmit water through connected pores.,The ratio of mass of water to mass of dry soil solids.,C,1,Easy,Remember,CO3,"preloaded,geotechnical-engineering,permeability-and-seepage"
Geotechnical Engineering,B.Tech Civil,3,Permeability and Seepage,"Which term is best described as: ""A relation stating that discharge through porous media is proportional to hydraulic gradient under appropriate conditions.""",Water content,Pile foundation,Consolidation,Darcy law,D,1,Medium,Understand,CO3,"preloaded,geotechnical-engineering,permeability-and-seepage"
Geotechnical Engineering,B.Tech Civil,3,Permeability and Seepage,"In Geotechnical Engineering, what does ""Flow net""?",The ability of soil to transmit water through connected pores.,The ability of soil to support foundation loads without shear failure.,A graphical network of flow lines and equipotential lines for two-dimensional seepage.,Water-content boundaries defining consistency states of fine-grained soils.,C,1,Hard,Analyze,CO3,"preloaded,geotechnical-engineering,permeability-and-seepage"
Geotechnical Engineering,B.Tech Civil,4,Consolidation and Shear Strength,"Which description best matches ""Consolidation""?",The ability of soil to support foundation loads without shear failure.,The water content at which a specified compactive effort produces maximum dry density.,Time-dependent volume decrease of saturated soil caused by drainage under load.,"The stress carried by the soil skeleton, equal to total stress minus pore-water pressure.",C,1,Easy,Remember,CO4,"preloaded,geotechnical-engineering,consolidation-and-shear-strength"
Geotechnical Engineering,B.Tech Civil,4,Consolidation and Shear Strength,"Which term is best described as: ""The stress carried by the soil skeleton, equal to total stress minus pore-water pressure.""",Shear strength,Proctor test,Optimum moisture content,Effective stress,D,1,Medium,Understand,CO4,"preloaded,geotechnical-engineering,consolidation-and-shear-strength"
Geotechnical Engineering,B.Tech Civil,4,Consolidation and Shear Strength,"In Geotechnical Engineering, what does ""Shear strength""?",A graphical network of flow lines and equipotential lines for two-dimensional seepage.,The ratio of mass of water to mass of dry soil solids.,A relation stating that discharge through porous media is proportional to hydraulic gradient under appropriate conditions.,The maximum shear resistance soil can mobilize before failure.,D,1,Hard,Analyze,CO4,"preloaded,geotechnical-engineering,consolidation-and-shear-strength"
Geotechnical Engineering,B.Tech Civil,5,Foundations,"Which description best matches ""Bearing capacity""?",The ability of soil to support foundation loads without shear failure.,The water content at which a specified compactive effort produces maximum dry density.,The fraction of total soil volume occupied by voids.,A laboratory compaction test used to determine dry-density and moisture relationships.,A,1,Easy,Remember,CO5,"preloaded,geotechnical-engineering,foundations"
Geotechnical Engineering,B.Tech Civil,5,Foundations,"Which term is best described as: ""Downward movement of a foundation due to deformation or compression of supporting soil.""",Porosity,Darcy law,Bearing capacity,Settlement,D,1,Medium,Understand,CO5,"preloaded,geotechnical-engineering,foundations"
Geotechnical Engineering,B.Tech Civil,5,Foundations,"In Geotechnical Engineering, what does ""Pile foundation""?","A deep foundation transferring loads to deeper soil or rock through end bearing, shaft resistance or both.",Downward movement of a foundation due to deformation or compression of supporting soil.,The maximum shear resistance soil can mobilize before failure.,The ability of soil to support foundation loads without shear failure.,A,1,Hard,Analyze,CO5,"preloaded,geotechnical-engineering,foundations"
Transportation Engineering,B.Tech Civil,1,Highway Planning and Geometry,"Which description best matches ""Sight distance""?",The total time required for a traffic signal to complete all of its phases.,A layered pavement that distributes loads through grain-to-grain contact and layer stiffness.,"California Bearing Ratio, an empirical measure used to evaluate subgrade strength.",The length of roadway visible to a driver needed for safe operation.,D,1,Easy,Remember,CO1,"preloaded,transportation-engineering,highway-planning-and-geometry"
Transportation Engineering,B.Tech Civil,1,Highway Planning and Geometry,"Which term is best described as: ""Transverse roadway slope provided on curves to help counter lateral acceleration.""",Gauge,Superelevation,Taxiway,Level of service,B,1,Medium,Understand,CO1,"preloaded,transportation-engineering,highway-planning-and-geometry"
Transportation Engineering,B.Tech Civil,1,Highway Planning and Geometry,"In Transportation Engineering, what does ""Gradient""?",Equivalent single axle load used to express cumulative traffic loading in pavement design.,"A path connecting runways with aprons, terminals or other airport facilities.",The longitudinal slope of a roadway.,The total time required for a traffic signal to complete all of its phases.,C,1,Hard,Analyze,CO1,"preloaded,transportation-engineering,highway-planning-and-geometry"
Transportation Engineering,B.Tech Civil,2,Traffic Engineering,"Which description best matches ""Traffic volume""?",The length of roadway visible to a driver needed for safe operation.,The number of vehicles passing a point during a specified time.,The total time required for a traffic signal to complete all of its phases.,"A path connecting runways with aprons, terminals or other airport facilities.",B,1,Easy,Remember,CO2,"preloaded,transportation-engineering,traffic-engineering"
Transportation Engineering,B.Tech Civil,2,Traffic Engineering,"Which term is best described as: ""A qualitative measure of operating conditions experienced by road users.""",Sight distance,Level of service,ESAL,Rigid pavement,B,1,Medium,Understand,CO2,"preloaded,transportation-engineering,traffic-engineering"
Transportation Engineering,B.Tech Civil,2,Traffic Engineering,"In Transportation Engineering, what does ""Signal cycle""?",The number of vehicles passing a point during a specified time.,The total time required for a traffic signal to complete all of its phases.,The longitudinal slope of a roadway.,A defined rectangular area prepared for aircraft takeoff and landing.,B,1,Hard,Analyze,CO2,"preloaded,transportation-engineering,traffic-engineering"
Transportation Engineering,B.Tech Civil,3,Pavement Materials,"Which description best matches ""Bitumen""?",A pavement using a cement-concrete slab with significant flexural stiffness.,A viscous hydrocarbon binder commonly used in flexible pavements.,The longitudinal slope of a roadway.,A defined rectangular area prepared for aircraft takeoff and landing.,B,1,Easy,Remember,CO3,"preloaded,transportation-engineering,pavement-materials"
Transportation Engineering,B.Tech Civil,3,Pavement Materials,"Which term is best described as: ""Granular material providing much of the structural skeleton of pavement layers.""",Level of service,Sight distance,Flexible pavement,Aggregate,D,1,Medium,Understand,CO3,"preloaded,transportation-engineering,pavement-materials"
Transportation Engineering,B.Tech Civil,3,Pavement Materials,"In Transportation Engineering, what does ""CBR""?","California Bearing Ratio, an empirical measure used to evaluate subgrade strength.",A layered pavement that distributes loads through grain-to-grain contact and layer stiffness.,Transverse roadway slope provided on curves to help counter lateral acceleration.,The total time required for a traffic signal to complete all of its phases.,A,1,Hard,Analyze,CO3,"preloaded,transportation-engineering,pavement-materials"
Transportation Engineering,B.Tech Civil,4,Pavement Design,"Which description best matches ""Flexible pavement""?",A layered pavement that distributes loads through grain-to-grain contact and layer stiffness.,Granular material providing much of the structural skeleton of pavement layers.,A viscous hydrocarbon binder commonly used in flexible pavements.,Equivalent single axle load used to express cumulative traffic loading in pavement design.,A,1,Easy,Remember,CO4,"preloaded,transportation-engineering,pavement-design"
Transportation Engineering,B.Tech Civil,4,Pavement Design,"Which term is best described as: ""A pavement using a cement-concrete slab with significant flexural stiffness.""",CBR,Bitumen,Runway,Rigid pavement,D,1,Medium,Understand,CO4,"preloaded,transportation-engineering,pavement-design"
Transportation Engineering,B.Tech Civil,4,Pavement Design,"In Transportation Engineering, what does ""ESAL""?","California Bearing Ratio, an empirical measure used to evaluate subgrade strength.",Equivalent single axle load used to express cumulative traffic loading in pavement design.,The length of roadway visible to a driver needed for safe operation.,The total time required for a traffic signal to complete all of its phases.,B,1,Hard,Analyze,CO4,"preloaded,transportation-engineering,pavement-design"
Transportation Engineering,B.Tech Civil,5,Railways and Airports,"Which description best matches ""Gauge""?",Transverse roadway slope provided on curves to help counter lateral acceleration.,"California Bearing Ratio, an empirical measure used to evaluate subgrade strength.",The distance between the inner faces of the two rails.,A viscous hydrocarbon binder commonly used in flexible pavements.,C,1,Easy,Remember,CO5,"preloaded,transportation-engineering,railways-and-airports"
Transportation Engineering,B.Tech Civil,5,Railways and Airports,"Which term is best described as: ""A defined rectangular area prepared for aircraft takeoff and landing.""",ESAL,Runway,Gauge,Flexible pavement,B,1,Medium,Understand,CO5,"preloaded,transportation-engineering,railways-and-airports"
Transportation Engineering,B.Tech Civil,5,Railways and Airports,"In Transportation Engineering, what does ""Taxiway""?",The distance between the inner faces of the two rails.,"A path connecting runways with aprons, terminals or other airport facilities.",Transverse roadway slope provided on curves to help counter lateral acceleration.,Equivalent single axle load used to express cumulative traffic loading in pavement design.,B,1,Hard,Analyze,CO5,"preloaded,transportation-engineering,railways-and-airports"
Environmental Engineering,B.Tech Civil,1,Water Quality,"Which description best matches ""Turbidity""?",Physical removal of settleable and floatable solids before biological treatment.,"Biochemical oxygen demand, an indicator of oxygen used by microorganisms to degrade biodegradable matter.",A device that removes pollutants from a gas stream by contacting it with a liquid or sorbent.,Cloudiness caused by suspended particles that scatter light.,D,1,Easy,Remember,CO1,"preloaded,environmental-engineering,water-quality"
Environmental Engineering,B.Tech Civil,1,Water Quality,"Which term is best described as: ""A logarithmic measure related to hydrogen-ion activity and acidity or alkalinity.""",Sedimentation,pH,Disinfection,BOD,B,1,Medium,Understand,CO1,"preloaded,environmental-engineering,water-quality"
Environmental Engineering,B.Tech Civil,1,Water Quality,"In Environmental Engineering, what does ""Hardness""?",A water-quality characteristic mainly caused by dissolved calcium and magnesium ions.,Controlled biological decomposition of organic waste to produce a stable soil-like material.,Cloudiness caused by suspended particles that scatter light.,Treatment intended to inactivate pathogenic microorganisms.,A,1,Hard,Analyze,CO1,"preloaded,environmental-engineering,water-quality"
Environmental Engineering,B.Tech Civil,2,Water Treatment,"Which description best matches ""Coagulation""?",Processing discarded materials so they can be used again as raw materials or products.,Destabilization of colloidal particles to promote aggregation.,Treatment intended to inactivate pathogenic microorganisms.,A logarithmic measure related to hydrogen-ion activity and acidity or alkalinity.,B,1,Easy,Remember,CO2,"preloaded,environmental-engineering,water-treatment"
Environmental Engineering,B.Tech Civil,2,Water Treatment,"Which term is best described as: ""Removal of suspended particles by gravitational settling.""",Disinfection,Sedimentation,BOD,Recycling,B,1,Medium,Understand,CO2,"preloaded,environmental-engineering,water-treatment"
Environmental Engineering,B.Tech Civil,2,Water Treatment,"In Environmental Engineering, what does ""Disinfection""?",Controlled biological decomposition of organic waste to produce a stable soil-like material.,A water-quality characteristic mainly caused by dissolved calcium and magnesium ions.,Processing discarded materials so they can be used again as raw materials or products.,Treatment intended to inactivate pathogenic microorganisms.,D,1,Hard,Analyze,CO2,"preloaded,environmental-engineering,water-treatment"
Environmental Engineering,B.Tech Civil,3,Wastewater Treatment,"Which description best matches ""BOD""?","Biochemical oxygen demand, an indicator of oxygen used by microorganisms to degrade biodegradable matter.",Airborne solid or liquid particles suspended in air.,Treatment intended to inactivate pathogenic microorganisms.,A suspended-growth biological wastewater-treatment process.,A,1,Easy,Remember,CO3,"preloaded,environmental-engineering,wastewater-treatment"
Environmental Engineering,B.Tech Civil,3,Wastewater Treatment,"Which term is best described as: ""A suspended-growth biological wastewater-treatment process.""",Particulate matter,Activated sludge,Recycling,Emission standard,B,1,Medium,Understand,CO3,"preloaded,environmental-engineering,wastewater-treatment"
Environmental Engineering,B.Tech Civil,3,Wastewater Treatment,"In Environmental Engineering, what does ""Primary treatment""?",Physical removal of settleable and floatable solids before biological treatment.,An engineered facility for controlled disposal of solid waste with environmental safeguards.,Controlled biological decomposition of organic waste to produce a stable soil-like material.,A device that removes pollutants from a gas stream by contacting it with a liquid or sorbent.,A,1,Hard,Analyze,CO3,"preloaded,environmental-engineering,wastewater-treatment"
Environmental Engineering,B.Tech Civil,4,Air Pollution,"Which description best matches ""Particulate matter""?",Airborne solid or liquid particles suspended in air.,An engineered facility for controlled disposal of solid waste with environmental safeguards.,A suspended-growth biological wastewater-treatment process.,A regulatory limit on pollutant release from a source.,A,1,Easy,Remember,CO4,"preloaded,environmental-engineering,air-pollution"
Environmental Engineering,B.Tech Civil,4,Air Pollution,"Which term is best described as: ""A device that removes pollutants from a gas stream by contacting it with a liquid or sorbent.""",Scrubber,Hardness,Turbidity,Emission standard,A,1,Medium,Understand,CO4,"preloaded,environmental-engineering,air-pollution"
Environmental Engineering,B.Tech Civil,4,Air Pollution,"In Environmental Engineering, what does ""Emission standard""?",Destabilization of colloidal particles to promote aggregation.,Cloudiness caused by suspended particles that scatter light.,A regulatory limit on pollutant release from a source.,Controlled biological decomposition of organic waste to produce a stable soil-like material.,C,1,Hard,Analyze,CO4,"preloaded,environmental-engineering,air-pollution"
Environmental Engineering,B.Tech Civil,5,Solid Waste Management,"Which description best matches ""Sanitary landfill""?",An engineered facility for controlled disposal of solid waste with environmental safeguards.,Treatment intended to inactivate pathogenic microorganisms.,A logarithmic measure related to hydrogen-ion activity and acidity or alkalinity.,"Biochemical oxygen demand, an indicator of oxygen used by microorganisms to degrade biodegradable matter.",A,1,Easy,Remember,CO5,"preloaded,environmental-engineering,solid-waste-management"
Environmental Engineering,B.Tech Civil,5,Solid Waste Management,"Which term is best described as: ""Controlled biological decomposition of organic waste to produce a stable soil-like material.""",Composting,pH,Coagulation,Disinfection,A,1,Medium,Understand,CO5,"preloaded,environmental-engineering,solid-waste-management"
Environmental Engineering,B.Tech Civil,5,Solid Waste Management,"In Environmental Engineering, what does ""Recycling""?",Physical removal of settleable and floatable solids before biological treatment.,Processing discarded materials so they can be used again as raw materials or products.,An engineered facility for controlled disposal of solid waste with environmental safeguards.,A device that removes pollutants from a gas stream by contacting it with a liquid or sorbent.,B,1,Hard,Analyze,CO5,"preloaded,environmental-engineering,solid-waste-management"
